Participant_ID,Task,Channel_1_PSD,Channel_2_PSD,Channel_3_PSD,Channel_4_PSD,Channel_5_PSD,Channel_6_PSD,Channel_7_PSD,Channel_8_PSD,Channel_9_PSD,Channel_10_PSD,Channel_11_PSD,Channel_12_PSD,Channel_13_PSD,Channel_14_PSD,Channel_15_PSD,Channel_16_PSD,Channel_17_PSD,Channel_18_PSD,Channel_19_PSD,Channel_20_PSD,Channel_21_PSD,Channel_22_PSD,Channel_23_PSD,Channel_24_PSD,Channel_25_PSD,Channel_26_PSD,Channel_27_PSD,Channel_28_PSD,Channel_29_PSD,Channel_30_PSD,Channel_31_PSD,Channel_32_PSD,Channel_33_PSD,Channel_34_PSD,Channel_35_PSD,Channel_36_PSD,Channel_37_PSD,Channel_38_PSD,Channel_39_PSD,Channel_40_PSD,Channel_41_PSD,Channel_42_PSD,Channel_43_PSD,Channel_44_PSD,Channel_45_PSD,Channel_46_PSD,Channel_47_PSD,Channel_48_PSD,Channel_49_PSD,Channel_50_PSD,Channel_51_PSD,Channel_52_PSD,Channel_53_PSD,Channel_54_PSD,Channel_55_PSD,Channel_56_PSD,Channel_57_PSD,Channel_58_PSD,Channel_59_PSD,Channel_60_PSD,Channel_61_PSD,Channel_62_PSD,Channel_63_PSD,Channel_64_PSD,ERP_Memory_Recall,ERP_Arithmetic,ERP_Visual_Pattern,Time_Stamp,Target_Label
1,Resting State,0.4974046909642098,0.9529113950229284,0.3766790542187459,0.8678840383395634,0.24125441198407627,0.35307943473396985,0.5173392826386334,0.43087919585407586,0.13712893828892414,0.370186402194584,0.8024649461276632,0.5153438731185008,0.7901771173343607,0.06093942059605417,0.5053298522018279,0.18370181730906432,0.24132142962395586,0.7067561798581597,0.09447865613878714,0.131817843692126,0.3191610889441817,0.7878373690069049,0.8115004600950874,0.6231465423045824,0.14648011738708544,0.41780275755460217,0.5476459067214255,0.4680363858537888,0.5280443042507751,0.19230237333966083,0.5890898679730778,0.25080045160955255,0.5451027044519946,0.9286143594970403,0.42249375197475214,0.6031743321092018,0.6065558894050194,0.7081499680519397,0.6516277688366092,0.8384761124376682,0.9613733403384666,0.6136556288728545,0.9616790065787388,0.6869382277459714,0.7388111520163488,0.8019062166643316,0.07256036140959787,0.7766501357798934,0.5217469773173042,0.46175622439487496,0.4436531515993931,0.6156141671233135,0.7809033297459874,0.5982964058692722,0.7914446022885033,0.8642539456411152,0.39950706193080177,0.11866046787342288,0.4325880017202214,0.1715247624612729,0.6604247904769053,0.8145299306232564,0.6674647109600694,0.3840592817733566,,,,511,0
1,Memory Recall,0.46506706746544624,0.27562294554144706,0.785773909193876,0.12862015044995667,0.7239346465624186,0.04975608034762524,0.23025158177748384,0.4533476935164802,0.7873080979526023,0.8044482429070968,0.3343951961996693,0.23360205967754322,0.027173551291059472,0.0809187401892818,0.7736118180995469,0.8685444711510171,0.43540647316219194,0.549709767920425,0.8495744019023805,0.6459113056129483,0.8735252665562886,0.1616916314131166,0.5174938062230616,0.46303842854084676,0.6411699895735989,0.2778776344530902,0.9423862282089736,0.49424492496861094,0.7193081451906584,0.7611140094639979,0.73950908425071,0.19709036996037776,0.2046037290360483,0.7777949181745383,0.639895328168852,0.03574657486812716,0.16098469989690567,0.3908633217462998,0.5023243851514846,0.22643694090896083,0.40915812178516986,0.7865390804238878,0.1481912781194603,0.1018965192310457,0.6215011342723114,0.27440620119919357,0.12929295843006383,0.12943825939209874,0.002886013331717119,0.07987370626403612,0.2721580366635489,0.10860810780536034,0.343495780511627,0.36547246157933466,0.4428076726382615,0.20134255263801926,0.5041653882840549,0.18680898010941305,0.3646993334525982,0.10487975378298542,0.013155466540895722,0.6891647979636487,0.34826501833815515,0.40858218966714765,0.8782553394944613,,,673,1
1,Arithmetic Calculation,0.5331026153458802,0.5923434890393242,0.5513078296470189,0.46925230353625913,0.28635473839059344,0.580777000809589,0.47143856791796,0.17534636085742739,0.6642716638696765,0.5483990793750363,0.30771975254037354,0.6850906437966057,0.760617107441508,0.675514443087831,0.403131286152965,0.07296803786570527,0.5756794568820246,0.9426458650784656,0.7125867989576224,0.12004700899663079,0.4967736378337335,0.9991376337585245,0.9386591835853625,0.8828526717189206,0.30105771498789247,0.053037455667711675,0.4564327968113939,0.25971214293994505,0.8611626374538499,0.34374394049371637,0.2560096686821547,0.6158126598554298,0.927737616012435,0.9635269538306209,0.4477081502304968,0.2546042685441776,0.9295441102226358,0.3817369488275838,0.47771748857961094,0.6660218500713423,0.6815139518173308,0.25725802819201427,0.09507881413452168,0.8452794680736266,0.24310076007749948,0.3983865163588918,0.7239934495531724,0.07849085220868723,0.7704071554148983,0.8058290903734806,0.8125927020851655,0.17424051439073662,0.7776199834493056,0.39073232802120716,0.8966196657868951,0.7383411480206622,0.1307646644441831,0.6221619393026544,0.6609531003054804,0.8981992185099733,0.9581818102536892,0.8277782225253103,0.16230428315244816,0.18520023966130805,,0.495534270207003,,449,2
1,Visual Pattern Recognition,0.535368554194571,0.03892086098295289,0.21023568702863527,0.06095262597175766,0.1788337761163259,0.227446446780592,0.056417132982409024,0.3047676429633195,0.743305522634689,0.7892947093243278,0.14015045206436716,0.7542725178523484,0.023011739427461264,0.8666330899656024,0.024296911646440544,0.6399496981364233,0.9327644857204324,0.3182620663103055,0.6735461107979984,0.9558432758227248,0.20130478149970654,0.9670714941597962,0.24126795335306428,0.4987867708638237,0.4404011649028784,0.27328962114462096,0.3391358071743711,0.6290674702742479,0.4796621492225277,0.9765117128773345,0.6449091363489209,0.8782682596331384,0.14350975274447575,0.9261117177204081,0.2481091211527946,0.13982845780617525,0.5050154957413328,0.9482599417735263,0.9590236325859062,0.9261237710632809,0.25960281504379046,0.18770866212070292,0.8719213091944322,0.23496781958938195,0.9399726633664632,0.06493342595412877,0.4448209948754742,0.6657450735296415,0.6356066435525369,0.25791805408953516,0.2575293300090802,0.4978270051271676,0.7702289057336921,0.4482490288811999,0.4542379109499892,0.9312992934679255,0.3280730576173235,0.5640128793969532,0.6737543733221297,0.09129932390518436,0.7762068753860982,0.5982278217364907,0.16140942537830716,0.5800849047038471,,,0.9532089917399669,800,3
2,Resting State,0.3887304002733485,0.5416220713755941,0.4586154125592602,0.6065078619413208,0.41776271336864457,0.5248406113560382,0.20485944877039175,0.012019415735332828,0.38667594040348496,0.5449630605009327,0.41807689407381665,0.9959451892406848,0.5947382984722821,0.6434514143816759,0.8229985036445641,0.9832688460487345,0.31037583581615047,0.9983386085169093,0.7207140406126666,0.34572143173067627,0.3384048936378109,0.5991206081895065,0.6098537123213701,0.15582022758371572,0.8526221053848334,0.44738209515707983,0.1923970559790411,0.7316869320546445,0.8511406506350293,0.08921388668524766,0.3415944284124416,0.9695861663769615,0.024340627406351456,0.9554369425530732,0.4334175657865281,0.12195564886376387,0.34066318783416105,0.29120069562368256,0.19038749342804084,0.09166432309079897,0.257891618925283,0.8041735986444859,0.5595087844066259,0.057963749363378225,0.6472764015971237,0.031017465276762524,0.84676140189045,0.24432154836816244,0.9246595029223104,0.9274678793464004,0.8982477111021877,0.7201576575548531,0.8743798673257841,0.16346517264342608,0.5201131367280087,0.9562851354644515,0.8561441855033816,0.29542209728342184,0.5935005396540836,0.07573178789451773,0.37704113294129205,0.06409771477682957,0.9199023175525739,0.10895983070941873,,,,83,0
2,Memory Recall,0.04251645851599839,0.7009149499632996,0.7903745836135154,0.517635374541389,0.2942272228419327,0.6481444572484227,0.17262063864841437,0.47186668166047685,0.8450119695695032,0.8189491586913407,0.6182098576616125,0.0067172100732789675,0.34886104198412626,0.01124020187045116,0.7701464038676741,0.6179121710133001,0.9302276322499785,0.9362382581714023,0.0013045861829142913,0.797293583089408,0.11258070732670222,0.323770752480503,0.45232995180907265,0.8613273818818715,0.5386536184732409,0.7891990476381399,0.8457001482720459,0.8214751435432728,0.6501201037438953,0.8572477456996934,0.7931746037314921,0.21360742097127805,0.2821293943454616,0.2282781339689669,0.21968210583656267,0.5456638785425765,0.3175447313141819,0.05890436338193916,0.8693815010916319,0.21620870609100895,0.4223499671478499,0.5886151412846816,0.6846983857968753,0.39664541283599963,0.34484121166006165,0.9109232910317033,0.5474924796948215,0.6440334430292629,0.6756522216479229,0.6134177343512381,0.7018127580172951,0.6112943648827274,0.805768203771182,0.042503782047468186,0.7103154021750907,0.3953871749082365,0.5255449133369853,0.24086649224633827,0.9180612357795845,0.15720413243668152,0.6656597919000538,0.0798611322253816,0.8218866638365934,0.10992278196308536,0.6426873989113505,,,597,1
2,Arithmetic Calculation,0.2036026135273481,0.7307990885776159,0.6516925038271546,0.7465402301949715,0.32369554688423885,0.6663414641403174,0.6648296289056295,0.6682453036620509,0.13250464571268472,0.9251827922417293,0.83042993135867,0.8004473799652116,0.34243298782563825,0.8734400891897658,0.9276849221551998,0.9137041716971347,0.4706312815335819,0.6985703063063782,0.90979155270765,0.5167712116851064,0.7860041040368176,0.21458519318205393,0.019852273927346897,0.14601242576977735,0.5367266355209643,0.784247603750572,0.6303027530040479,0.6876680878038178,0.2726445299883383,0.26528382649952265,0.09181654088601088,0.5855160456902456,0.3837795704444611,0.0906044363499624,0.38062842146571996,0.23671119015000042,0.6511905177121766,0.10865373813202917,0.14627496957644126,0.42541167704018357,0.9081477325634264,0.414518973732242,0.2440839508294923,0.36579658180162977,0.3485571845497111,0.3480062093133951,0.5805161762554749,0.7230074198122367,0.8970953917718434,0.2730026098736691,0.8245818233496953,0.36857723098320005,0.9158447411345658,0.9574408226231277,0.8587298443845729,0.2880054765545784,0.9605332156985252,0.10922751865538805,0.35936212467943296,0.8418866341056076,0.520558354719946,0.024328616607056874,0.47809092477341164,0.10936309886299966,,0.9860676551405613,,623,2
2,Visual Pattern Recognition,0.7288722687722,0.374454471489968,0.7527579830750587,0.5150198521979632,0.906618182190436,0.3187683773665293,0.4977901148764996,0.7207226807578898,0.8511378046647607,0.29132535456358044,0.5663821383029385,0.840166723549001,0.8369477642760514,0.23099556371188668,0.3002123794792624,0.5482644807034398,0.3306209322907997,0.48162673708466763,0.6264401410935486,0.025287048236459775,0.032443587276135055,0.4967676018347845,0.6271808201845356,0.6695645083623497,0.40234337849256374,0.003006024221241854,0.26341339091091454,0.12398431210123173,0.4010795152475267,0.93834178065483,0.24625541916534388,0.14238920360987106,0.6426755709286146,0.7101529999094724,0.8581787108563287,0.37767284173315074,0.040421843433284366,0.8160782955435565,0.8288447159936735,0.9735427045294354,0.8346521888481696,0.9933515200324781,0.3759805033513177,0.5351773203051161,0.3067524263767544,0.07291085020145416,0.1441717236643396,0.2542799661685129,0.8324335957917277,0.24389264002939903,0.8755743344124517,0.23692536668582564,0.4920284550617955,0.377677198677695,0.06436504122872355,0.5090235172431431,0.16499643834682753,0.05538823758003675,0.4716424912560816,0.24299115613938704,0.4517061595689932,0.15789359324337837,0.17030616903511542,0.9924638389804756,,,0.894569662233175,606,3
3,Resting State,0.8059059130049795,0.08074742952972558,0.042507057724147645,0.8265244520856475,0.12045151230277973,0.17289104226262486,0.5068538621143671,0.8176607568119185,0.19093758149240125,0.5994038934194705,0.379224327583938,0.5651602022093112,0.7068366850538719,0.94123565616477,0.4316785169343478,0.45104678424087863,0.742895320125321,0.7101475454867402,0.6760915464302578,0.6922618679671558,0.7497298061239364,0.5814320714830581,0.8788380094232188,0.7074910112698991,0.5538553921953983,0.01955175886101357,0.09011510810534296,0.6026471572436932,0.3102061851872666,0.7792444006793717,0.7050459821626474,0.6526763258511821,0.3821354338032763,0.5341802929206527,0.03186731734863557,0.676933615454919,0.04523583084602467,0.5335141194157504,0.5233081529145974,0.8237463396994729,0.610082543274635,0.2727892533356646,0.40950924918336185,0.022950917212237854,0.8978021416181718,0.7293821175447553,0.38759931459480945,0.7217731490171115,0.2934507159140607,0.8991038045189269,0.2944749184389933,0.6264794616187576,0.9649113536797669,0.35090811538734645,0.9049392736789044,0.8103091904618316,0.6910047013079929,0.27729291210130613,0.7244383877836197,0.515258610180068,0.971167525345441,0.7735009040172233,0.03249528639239474,0.7543420075054034,,,,667,0
3,Memory Recall,0.6556754986181593,0.43352356761922417,0.5138372410033893,0.26403787743390517,0.46836357811504936,0.9797635103002735,0.2893925684446039,0.8625044923912174,0.46300962415248914,0.8348757480775201,0.12666599464595052,0.2252008306184904,0.8054152742463683,0.7734453313388737,0.6561589318732053,0.4399672941253394,0.5082542860023059,0.7149482750754281,0.1828075364825027,0.9497560620523946,0.9757902418360603,0.16236060766566973,0.5993847225160365,0.7831463531671902,0.03688306363396743,0.2084969831406731,0.10031233186923938,0.4019037756838303,0.4278011647086315,0.3856924716992257,0.5313713611476154,0.8284343123932323,0.6336076061046763,0.022150387455384557,0.7546076803254593,0.7960055198588262,0.17680104448217038,0.48997967858893643,0.8153992545357351,0.07498096409585775,0.7268284188538072,0.6254707530556181,0.9233199001057886,0.711219646264923,0.8726064716987951,0.6238811480666641,0.8148165701977682,0.36928777640684385,0.9327181363350923,0.7181758895946755,0.24016970887906852,0.5241252857592645,0.7153291279667964,0.846859260136307,0.2368965886800739,0.016263180522898657,0.7652910424125331,0.6839377429133157,0.15166204028385155,0.7766108213741201,0.0029048606066234273,0.07572306641754745,0.7794534495521768,0.16642112724888036,0.7016946905719087,,,87,1
3,Arithmetic Calculation,0.8960946726376795,0.6299612028320004,0.8428487140239094,0.23704751857146178,0.7500508064651955,0.8556938797295327,0.7334329070469957,0.8978473701085414,0.4124608092783003,0.7674847698257384,0.6449345618181631,0.7582401678486441,0.5474313715835251,0.9346354282793863,0.6665559300386702,0.8216627318272913,0.7549213439079802,0.4043230529402778,0.1608196838789242,0.40383374861745003,0.8871823098402837,0.8584611519502637,0.04503447099012092,0.30721950069021864,0.1609209894973186,0.5766578242057985,0.7953626139061665,0.36519241416151427,0.9205247093009762,0.32766730305952196,0.4994907718619602,0.13647910234175198,0.37416177385355276,0.22631442466507778,0.8720819714940069,0.3163889708821511,0.8961011543288223,0.661514093824938,0.14727167900522342,0.8672479053951582,0.7688966574129399,0.7987843488313927,0.3658402633046828,0.4428571152897718,0.8336376655206827,0.9219509544309636,0.38346248961998897,0.25754123510825366,0.3268000531391624,0.38795140361691993,0.9120158346918764,0.309976711889393,0.7096388938495403,0.8694400042682787,0.8112995922211533,0.1837463831242352,0.8244879686599919,0.6053494933346432,0.6551384339413839,0.33443094305008003,0.780131116086523,0.5057533186979954,0.9914782280242723,0.07916334891241683,,0.8993616534385163,,678,2
3,Visual Pattern Recognition,0.5062861954629746,0.22223538322188396,0.41749315453138347,0.5843595799159057,0.9117862966022158,0.883302205374481,0.8504058583499012,0.029982631209008015,0.23044374042382776,0.724514314120714,0.8482182094635056,0.7147016224821968,0.8763178970507091,0.3251602476516918,0.4858021579471643,0.2415765900476764,0.4823172062079263,0.4495576312528864,0.07207277269378376,0.5891703123833333,0.7670217312207339,0.40259715441591326,0.3884236566066086,0.11872150555314376,0.19754127959395507,0.852676721871991,0.46275803426848894,0.5800087632488589,0.11885111234850221,0.29207300442728035,0.04369691119375141,0.124481587903571,0.37520875361109507,0.28997335841713257,0.4499580629180341,0.18719341495738528,0.3686155107428829,0.03485648481558856,0.8444624292098086,0.08279431514304891,0.38832503160895493,0.7501089724733798,0.19680414372881372,0.5303390561612055,0.7879021406010432,0.27878869148492735,0.823321490390861,0.23610056173542893,0.6773024329183124,0.6078475527023122,0.5452235389367865,0.2493984968778027,0.9707320946416355,0.14195606463337607,0.22099348940521746,0.3594258106109439,0.6136672558229413,0.41106077448764766,0.9342562923506246,0.5991951462742117,0.38729652431125106,0.7320166180023234,0.15073627703277437,0.7583223247587713,,,0.26057040438990653,15,3
4,Resting State,0.9831711599205851,0.5013556652118986,0.0011464738133292185,0.9491219258289695,0.4812131194112196,0.08035363767780901,0.9439443800266675,0.9373256836251759,0.8494432766658215,0.7671425981454376,0.7904687071708502,0.7085517224658074,0.9920592448649631,0.3202118694661662,0.36505925344036794,0.4848103502865996,0.733516101586483,0.35690803589152575,0.272615083578284,0.9302504678159066,0.27063974956372205,0.5504325102773286,0.4405997972243074,0.6858238031850881,0.4575908314269833,0.4156405528056213,0.1251406455672831,0.11929634779064346,0.2353557514508675,0.9433751068928553,0.1731558111766539,0.2012409858553087,0.5743021405916345,0.4400610696036741,0.6230433372932188,0.8687532655092167,0.0002316737143650549,0.7725393861440017,0.4629494498358462,0.504132692191096,0.26378769738822017,0.04018119234136708,0.5858725105083422,0.09529523085050484,0.4412840539730576,0.6347057491107387,0.1533660639108101,0.6587596114548544,0.6025247475021042,0.25987498247765684,0.4827907679733847,0.3429365028253497,0.31307382537328454,0.0015350565626792712,0.22629862899024877,0.5122994583363913,0.053569412079754075,0.9907567213048933,0.17094786383956662,0.4343352466363981,0.6969635106484396,0.17776426772122988,0.4872455159538748,0.6559226319204645,,,,683,0
4,Memory Recall,0.9547490109318215,0.9325853369598854,0.5479485844392185,0.2102906926971485,0.13058558331475867,0.6089208281824102,0.6284963868219429,0.4181047233153561,0.2223464004381266,0.6546142973677004,0.6334733807919602,0.49788481995024236,0.4960452331753784,0.5199056373477666,0.9951249964414262,0.8861110911869998,0.9853946163804812,0.29496087077277544,0.7757764599962067,0.6602906123825675,0.2694509069958976,0.06126717956027661,0.88984365506529,0.48301934286797255,0.15730986530104885,0.42368602922367693,0.324763215787084,0.9268930151197726,0.5270294746546965,0.9217109090253702,0.3419415618891851,0.19876393366074152,0.6976652653503361,0.36879353339701404,0.7247254604788906,0.36411378134137085,0.8689486547715959,0.3567385795440706,0.24237184613158824,0.36101403923193554,0.10733816089922177,0.015804761762389097,0.4103543379248341,0.20449256986059117,0.8541860412749256,0.0879084873413184,0.28789358470947546,0.6237586356662893,0.8589658463403627,0.7782729957511015,0.14984153046956117,0.37278792687751816,0.49496495801936347,0.0748724902366581,0.6431119566119666,0.30385776113119434,0.17147687871656137,0.3191842866150607,0.17589834178031982,0.6958140280103239,0.9090955892169131,0.0402425283170893,0.20092671058090783,0.7630663320628455,0.823771543160528,,,798,1
4,Arithmetic Calculation,0.05297330912699594,0.09506607787757104,0.9300180801640422,0.08837194223459077,0.4282311495681137,0.3265294949947678,0.45977322761566364,0.5921169730725931,0.39634508059586393,0.00032978368862979224,0.8566471534314933,0.8843448868634729,0.08328551301197229,0.3168196870107256,0.133403513857549,0.37419978368538953,0.45740873719897845,0.017624043894247432,0.6714098664183326,0.45898824502543856,0.4927942832116424,0.6988512976292579,0.9212408433480338,0.6017933447342241,0.18826903575350618,0.8973073883619167,0.9662725783571623,0.8187465565490595,0.32680116161639805,0.20280050344624712,0.797608775463803,0.18268597775005302,0.9903780185919238,0.8820275519251615,0.9654467872501206,0.3370151191851055,0.15941947687332303,0.21123844196751462,0.28552562417326843,0.04550931008475534,0.48193266818894354,0.7898133012893594,0.564088329294394,0.08947150529721992,0.3649269723079811,0.8901126539743435,0.7160208929627855,0.6413964678931909,0.8144411499964063,0.7130863465899546,0.6217309274948549,0.4893573118946224,0.5534764056737497,0.81568320528802,0.5852258200828601,0.9115453862391495,0.36118324876674646,0.6037657877601058,0.6099421757807524,0.605353547373108,0.2755171336156208,0.4244002082552728,0.169358252690193,0.12425875403271647,,0.6643047137098168,,825,2
4,Visual Pattern Recognition,0.4945454182398793,0.6872164640859534,0.3321046461560968,0.15238407484963723,0.23804018958062145,0.46857347891414514,0.2760957156125149,0.6357120859616866,0.9667153499841644,0.6636207309553065,0.18189144461924367,0.38169490124426475,0.8483022075283435,0.7356030942310325,0.6580368565030632,0.2901525107125127,0.7186527655171069,0.3859579847681549,0.6676607709709523,0.825065973164654,0.8511471925732409,0.5648201548799783,0.44992718787274844,0.9320093191900555,0.3581102951913825,0.4994340996032184,0.716690483954152,0.1848414422264899,0.5944946971196806,0.42190384889459853,0.5672545918046484,0.20556023954058034,0.3816081866722564,0.20369362864728457,0.3788252797871664,0.9955143683462159,0.765725263890113,0.9986845322159285,0.29180087673679156,0.05001774393800584,0.01406685035231503,0.7504655939659612,0.33718814106931927,0.7381015532478402,0.48595113034295734,0.1964523281800662,0.010025099980988661,0.17927193353159554,0.023267320548050252,0.07825395203691099,0.7900187324375725,0.5210044517238654,0.8625225676745517,0.2117671744824119,0.7840625847573895,0.012011608053023481,0.5446348745737848,0.2657655969124353,0.25918458423253776,0.5714777323476404,0.3586130073172299,0.5659529794556494,0.8194931941923596,0.776770466037448,,,0.2966675788254033,908,3
5,Resting State,0.10554148601049695,0.0007496291442119496,0.36307770282836394,0.32731947463856437,0.017582022038418632,0.0036967857460202813,0.858545841332237,0.5723832510854024,0.09249950094345982,0.9071774797771729,0.3102313192506957,0.2977541462515414,0.01106807161022294,0.12432192605598047,0.8487426028377827,0.9216916232940509,0.5052862993849291,0.7631208051283049,0.14671648868212495,0.6715910766795665,0.7923659015402529,0.06201733180158364,0.6405535224209467,0.4665240251854871,0.9924039854681987,0.4826357679576275,0.34242306281038914,0.9560310148103639,0.2277180964203912,0.6379689598929196,0.28149295023654963,0.5009547300632832,0.021794551231940185,0.22792358143894464,0.27153507565105506,0.24793502567194092,0.07137691205593633,0.5450598120952804,0.2148977432402358,0.1387745570880572,0.7624244721562463,0.8053120915093581,0.30618862198488805,0.6553546023888458,0.982909147413914,0.8118661578214215,0.6568501475225061,0.8376290484801366,0.0634652304843546,0.28049856938894036,0.2847053533186815,0.6569368624532294,0.6638011651004436,0.7123466223574665,0.6320073001770754,0.5736295267353921,0.42265998269363403,0.25746396241273006,0.017539846997628228,0.5375314284994847,0.5082416636069752,0.39787061042136096,0.5069460042534875,0.7217819961296273,,,,915,0
5,Memory Recall,0.8767481395152784,0.025393003704271555,0.6642891582523138,0.27831935466972446,0.8543198131878975,0.9636052804510341,0.8614792777885181,0.3464251591781039,0.7944472936822815,0.9100345583000415,0.8878582462347835,0.31960001273940264,0.7409284704645102,0.5175424320774509,0.877425729511866,0.7529663474635899,0.3909769602857559,0.3224269467522578,0.36411932893755616,0.49943356402206984,0.2758209055940355,0.20068962103006838,0.19690647653749516,0.6754230719093413,0.3171753675856904,0.5751799305569217,0.7392734587231142,0.5050714425113798,0.4298965594240408,0.39303587358973036,0.5930939776514926,0.9589857694091003,0.7383159191904919,0.7519454099699497,0.3180525415485608,0.020981365949906294,0.0932577499088848,0.5660431875555427,0.5598479699532957,0.18663501902451818,0.8649036882504503,0.21858176326236167,0.06719678126154349,0.37186858091996444,0.10398984999562222,0.6202831234233679,0.5290339694006955,0.5324243765774683,0.800556351277083,0.5146515273514173,0.6178661791769816,0.8844714748682194,0.8190683106068146,0.684955885425423,0.793739177393094,0.24811069153978693,0.7655392456152301,0.3569499618270332,0.4492656177520621,0.7183404221254402,0.3894797359889557,0.4755376601041513,0.9565061699676379,0.07779576096124075,0.932341519385959,,,566,1
5,Arithmetic Calculation,0.09539642510284141,0.13918872051772324,0.3387124846548417,0.141155723489107,0.5433297372422891,0.6824048531384171,0.8748698112391444,0.3307986247915796,0.6595590445770974,0.9806899713715217,0.21331753163303047,0.7210093191680874,0.785993062445977,0.3723676377119427,0.5330501589578526,0.19757093642969914,0.37913247239443726,0.9863617795550593,0.26889487815131563,0.3015577335217804,0.7164616765574656,0.8387678962583637,0.5741744829889694,0.4003595173636938,0.9378351063600642,0.3791718554130339,0.5902083436132617,0.7887621945592765,0.5909072384266301,0.5229152209889233,0.8021311445521726,0.3171526688516275,0.6718039731741327,0.6862681911990315,0.22574533476658565,0.008619581720379021,0.9144899200479247,0.6794991794998095,0.29628981042066305,0.38734862939470915,0.20696756434479746,0.849709632357818,0.7954024277620825,0.5842547872161559,0.19624591120756318,0.6590657905708722,0.18013541098991082,0.11215337224548327,0.9505725264054752,0.050206203038670516,0.5368726044671241,0.9872606200679542,0.7294167559711918,0.10396878516876173,0.9604691285035103,0.22061759021182548,0.27248416006209497,0.9617377900405739,0.08484311512274612,0.34743291412602373,0.4157922720170506,0.5404348409312456,0.8364640288829811,0.019884360020429703,,0.17110496411466825,,371,2
5,Visual Pattern Recognition,0.3035241311524882,0.4764269437404951,0.05357614040305647,0.7987506333213897,0.8094378723231858,0.07656033287674546,0.6599733409218869,0.8630712956815161,0.12519330065488943,0.6480928036709115,0.01309799141135315,0.9741915771716955,0.3939851135844097,0.1652221522042523,0.6434957950103195,0.06323208057600416,0.3667305086988526,0.8310220785540828,0.7116282454674048,0.02409094975021997,0.7283194967912802,0.5823256958793845,0.827313189906259,0.6810467868688986,0.09723422298834172,0.17944684140050748,0.8916134942272601,0.9207846616446953,0.04817605126044866,0.12444914534318852,0.5469270719603496,0.18487546998104776,0.11532346208041144,0.16378490847120142,0.7202595121280648,0.7654738741471439,0.4263862407669031,0.57022491396549,0.6425638993545674,0.26018596745315925,0.8064408507854995,0.4525984398965288,0.3885079312312585,0.09247285691769802,0.9245590100704754,0.3464013422646095,0.6585197801746593,0.8057403092622977,0.14945888967766585,0.7476066685000085,0.48819641268751224,0.8017725363531075,0.4370082990023385,0.968981034435954,0.6017047731894176,0.5004185263379332,0.874143648991577,0.4468121796756479,0.6200434609813347,0.6146288963771003,0.9904900990482567,0.9056574193326556,0.8342281501259127,0.7117361830040946,,,0.35486245489268875,867,3
6,Resting State,0.20798994178601204,0.34676838165871404,0.22382054740133683,0.24849222439191032,0.2191945401451918,0.8027619224400853,0.30383602354251904,0.7697793650746415,0.531716876163457,0.09916339428177068,0.7953183958995214,0.5758926009802902,0.8334376592636946,0.3188480602805437,0.16938438375960885,0.042521676782452444,0.8625846598890966,0.4758151304865629,0.9154977758360948,0.25772393848912245,0.9837985721029118,0.8666039209059078,0.22695067977866978,0.44869944870960177,0.2775531925473028,0.5189249157562927,0.20757469032805353,0.9291145369850472,0.056879484826728,0.30415480082303425,0.28568520149780374,0.7271131669112613,0.8062460098731901,0.7111556042641936,0.1512568204167909,0.3933117061091286,0.14441611840964064,0.43533124811656354,0.9328050228488437,0.9632928837852731,0.5617282260056454,0.5993156172686228,0.4568869352885221,0.29998023172063826,0.4728417653133533,0.8513174192945495,0.8760936591858669,0.06797867321048134,0.4591600803639424,0.9998890444427617,0.5140207837912806,0.9447781720097439,0.6792815495372514,0.6249053954702656,0.842758492573795,0.923908225382996,0.9411397605816979,0.3010264697417995,0.7072189953558581,0.8567241701208852,0.557035013574017,0.1697531003968149,0.9896361699419842,0.3632987568310334,,,,495,0
6,Memory Recall,0.28479270864934214,0.2058670303828306,0.3798022338177457,0.7401184861984421,0.8893440575017385,0.8823946371572771,0.16472484547498123,0.3769060998051148,0.5778603064307872,0.21855036306438158,0.29295387747491575,0.2488359099222569,0.8700501951624473,0.19282831248295684,0.23742951876448737,0.05851334940363695,0.7796066835283518,0.29962141950784993,0.2948704787318964,0.8350805676134031,0.25931436309009503,0.11840102565003385,0.025473513381869095,0.5424403642441643,0.5024411021110525,0.8009158884583096,0.4704114309463292,0.7119899063841897,0.4179735995337862,0.19707164821684442,0.9927929054779571,0.32062149029327536,0.4078159403058823,0.6158522610867858,0.02366732703080421,0.3935717971090207,0.07761654215631952,0.9772422272349737,0.4465655280115809,0.033760947580305345,0.7656975751569174,0.6366449798459138,0.5454400289992167,0.5481839465826341,0.2777161451551221,0.3247988702191592,0.05845004655637176,0.3325093704104356,0.5119628772075665,0.3741095799036963,0.6879760585265208,0.5032035763101174,0.7142177132292027,0.6415979204811911,0.778194837483648,0.24313082113105466,0.28057583010297427,0.8962112166555033,0.001685399913775032,0.6267240798820439,0.7034446409746202,0.21017715154341088,0.39325382332618153,0.7313468331285299,0.16993100362861258,,,865,1
6,Arithmetic Calculation,0.9367025734377342,0.4508031682421293,0.13685919306051297,0.824103447666211,0.8196241808609447,0.5684747787053631,0.5466853421791275,0.6394905427185734,0.4213989019575405,0.3375714475055236,0.5091033033195439,0.2742084171273378,0.34469761298389523,0.1013511186594156,0.962366056227643,0.2109622251447656,0.8225356917936257,0.07228019938033847,0.6071807231024542,0.6515551933427697,0.10796556128856494,0.32485719396260215,0.7697931672258586,0.6364459843354265,0.6258716287173189,0.815932510068988,0.09343477569930714,0.15895991788417518,0.875374686731543,0.016184950620407368,0.6753969445698101,0.6312737265466055,0.1333089170564935,0.5557231811208048,0.3959984037690134,0.3514155063533646,0.6311066134966847,0.13418254642345018,0.6582856424557779,0.7919318185481398,0.5186496821070951,0.5679626753100845,0.024616565653215683,0.8215017523017967,0.6745060069746815,0.7634255209952758,0.7399039758719534,0.9756520604276022,0.2472249818788792,0.1775853524304446,0.2639560746442572,0.39086736567276836,0.4510570884965852,0.38089307026012054,0.538234116409528,0.939120769082077,0.5665503193620963,0.6189956881204972,0.5312331409853337,0.5583665176973568,0.8218698778810025,0.7145514845555712,0.11291219247349149,0.9433671175341238,,0.09116816092463031,,314,2
6,Visual Pattern Recognition,0.6306984519307195,0.5668541471162557,0.6185477262843778,0.9147128345216883,0.0215910988907263,0.1485616862758109,0.039779121491574254,0.004161259262386974,0.3184559165391384,0.1548525248597643,0.9398014404718678,0.6662065036148354,0.15644533958325968,0.9435803984718864,0.3997264235945496,0.3482805830717578,0.24214049612964716,0.9885169839999814,0.3501924268899512,0.18759358139215876,0.3734252116327088,0.14166409303017324,0.11852063644541022,0.1402501075862822,0.5579426980984783,0.24091214605099176,0.770450896994344,0.4424562040637561,0.6423108875147888,0.44190921019291973,0.5742312161904422,0.1640900718190057,0.7553669549325102,0.5438811633325565,0.11355271808971878,0.11692327484466392,0.20640857402639778,0.7340817083790366,0.7243785187240251,0.5372728272500751,0.023972184897638527,0.002371918379767912,0.3360979967461559,0.8936578024019067,0.7145775428930224,0.4091957464376882,0.5967287036916701,0.7184083406163106,0.42965615467890983,0.411653345678095,0.7400543828106674,0.37706185757546995,0.27785469247726746,0.4546988014185206,0.07264064630323608,0.0748149950132948,0.3514051806674322,0.21279573809826824,0.5261252783240064,0.8064632848349695,0.4074648822744522,0.655344153773893,0.34612607205971246,0.2268256535524833,,,0.301869467629592,389,3
7,Resting State,0.7020845755636197,0.5313144552625343,0.37314092628664697,0.26995044667396084,0.6184266363059155,0.8911357672509912,0.7892995340352502,0.4840476931980078,0.756563872545645,0.5155900314668347,0.09466661141817789,0.8787641785789966,0.4763382296079368,0.763448359116838,0.09294133837360852,0.2994592321913194,0.374042683053474,0.49516363905661664,0.01781596410029984,0.5153612277146921,0.318261394297779,0.8920604975904419,0.9074186366262856,0.3953691828004726,0.7228012010987311,0.16006427277764268,0.03972071577729097,0.5100356369219049,0.5238158810628007,0.8755947201833567,0.14883345446646146,0.8354473659231819,0.4274536786803055,0.04783700266707713,0.09978497685447674,0.8654405754581859,0.5350190948727291,0.39982659895051287,0.7997766442109654,0.1670611115186924,0.7740676853122405,0.901372885774872,0.17957692789368385,0.7551639975766601,0.14985087562023736,0.9124867417636621,0.2960219596313558,0.5918022789845935,0.4891694701422379,0.9974890265748854,0.29212486536138493,0.9059860044862243,0.11748978783739383,0.13180471764650925,0.8666506169542849,0.5205195553347801,0.3520345866326271,0.39023296091128,0.3646024078536567,0.73711568233138,0.0429026603553232,0.00012297959733609254,0.15335487288608574,0.004824843183407035,,,,53,0
7,Memory Recall,0.02006845929025647,0.4205351306510474,0.17992184749990336,0.029292564057731396,0.6098285421767164,0.16892115214115022,0.1008597782347257,0.2373800551530727,0.44663146375823914,0.6913984039630383,0.04183874856278946,0.27451514245604824,0.04138495570164891,0.7141500841237429,0.7357273341809646,0.731183673411073,0.45642549045328906,0.8150966147404262,0.578211221307479,0.9156457866164783,0.2820404472873017,0.5767795719205929,0.8236499797673675,0.7557147236671409,0.07847213630033556,0.04323424627902295,0.6191562187475603,0.6384300781070811,0.5274721239877537,0.4809693410716548,0.0162273779460822,0.4656182748547244,0.6126082807442895,0.7521113204743584,0.7167141556767531,0.3092651068264721,0.29286239341005615,0.1450407600505954,0.659516224213453,0.3178959326285865,0.2512834398583884,0.4414315217080541,0.1333393088489233,0.8335839350531704,0.9007655090349519,0.37877811343905055,0.8548544165425218,0.9651965505258087,0.441923813322203,0.26765915904344195,0.3717594783952969,0.18238192769264527,0.7994426188695477,0.6381629017505173,0.9396110127470466,0.08309797942806618,0.3005854627354996,0.7987289424299384,0.7079115581342476,0.906183684390309,0.8782469622507435,0.7614149111705252,0.1329393802061476,0.24214327254214474,0.10797740087972829,,,272,1
7,Arithmetic Calculation,0.23144933599709328,0.9136950510040125,0.9560901449918462,0.2142501257056525,0.5715179044604117,0.811532624641982,0.4461743059301718,0.7526682048301608,0.6773419925470381,0.25292118153779575,0.0069941037216261215,0.18704708917861002,0.9289360157758592,0.5544451068977985,0.5985429639126325,0.3254182202434951,0.48576598529914394,0.8302506136015603,0.2871995664736946,0.16325473599278406,0.18859209538109245,0.3142333105491344,0.5086178949590079,0.41659812775078564,0.6785344795585014,0.6863344898155729,0.9794903362498618,0.23350894761471863,0.2640828429955048,0.5716475827725823,0.024757024867808286,0.7575596677009286,0.10001150728232933,0.3765437624527609,0.18550913571127614,0.05103378578863982,0.09278824497204718,0.5331431948108482,0.5206173570945812,0.0013578773991342885,0.3591067807288496,0.5540432309207314,0.019001537241433608,0.9700743447418586,0.01200260260981878,0.5888939365674387,0.8939851121757779,0.8304135316279747,0.026137581463162918,0.4158891122310998,0.8895393812259769,0.15735269257458673,0.468583538794074,0.7340183875529116,0.9489944299842201,0.6051463333958732,0.9796655640341916,0.6753010510662326,0.9104022422121623,0.3570640045315784,0.38549475098518526,0.798966007789159,0.8370635331866355,0.8535597258197775,,0.5875065028837052,,792,2
7,Visual Pattern Recognition,0.8599181584483757,0.884928387575034,0.5102069289143409,0.8413996564378877,0.4813379421298195,0.9531958608326626,0.15247450417280795,0.987182310559143,0.4293636428753982,0.7495610804157213,0.3012390667795779,0.18970696560392597,0.2962535407049409,0.8945598769298647,0.9678788234564019,0.33417101834155993,0.028099263783130768,0.1076509775625143,0.9430794143328315,0.6914597573950912,0.17560898891642407,0.8862815934322091,0.0596148496348724,0.7283989307746154,0.9848009124462291,0.9946747349454454,0.840986624083427,0.01755025681138911,0.31848961999463565,0.2787412891291866,0.28047349123566967,0.8336276312629157,0.8926099208959237,0.284022601484463,0.6430637783709493,0.3555590984635242,0.03685605734100894,0.8777743396260927,0.7058015904263434,0.19614573439412109,0.6727568106427839,0.7241206299622537,0.2951718221223668,0.3153630340766638,0.29120842976949657,0.11724184150133521,0.9330186055858766,0.3213494005913312,0.3340678325690507,0.9587236855154773,0.3938478075351346,0.41210814587356204,0.9573491143297875,0.7639810041747938,0.1447455179885926,0.7703728461921014,0.8515511424091754,0.47071968720351576,0.5885977372419354,0.882443710404016,0.5390253394815017,0.7080106499870709,0.6493581004532075,0.7621551377352923,,,0.3854135156652041,465,3
8,Resting State,0.2536594260024876,0.04889033825906708,0.4435596546850582,0.5547041083025652,0.4480313084587666,0.7981420429215088,0.8037745891921212,0.9495142114705791,0.49800943149963184,0.8687198791478277,0.6217876360962542,0.7647183515001419,0.6762510690506125,0.062400263874661355,0.004675713310093643,0.3620773934257865,0.4916425964594613,0.5384140080620473,0.5871686862509449,0.3276308119917182,0.9537167244045408,0.45243453779147846,0.6538395433967159,0.3865511756071397,0.9230641063057838,0.7945707841603237,0.010324494739339385,0.06570474619550082,0.7824545028629455,0.021975036164840533,0.32564540846847756,0.34810475702364974,0.3135713176489231,0.8713447061176972,0.4298078315278063,0.9712468521725767,0.3363685538428771,0.5608456164011479,0.07187393195916414,0.9411005040482308,0.07603111726944367,0.584672014874982,0.6050902934156238,0.6296375303501373,0.2407549513583841,0.015548229901035326,0.879646691199526,0.8437728683923933,0.15298146402283974,0.9758127211599625,0.6817498183934089,0.1132869220841386,0.7792216547244959,0.2787004901557508,0.6601946570833895,0.6328109336736798,0.6830403138628057,0.5329697115364952,0.5716840767578482,0.8492235053315809,0.4347324767641584,0.6645622650233217,0.5696246494090837,0.9481829586450778,,,,31,0
8,Memory Recall,0.7679147175816308,0.008667774991132915,0.5176840947594854,0.7999759384211759,0.02446924672190076,0.93595199596272,0.3633134090615604,0.6879490670769636,0.8808863304558583,0.7072728781319949,0.22904316326978758,0.8915064251988534,0.02564115510392939,0.8907278521490505,0.775816064693819,0.10714247032254287,0.3381111047652974,0.6938146414666636,0.3961938527207791,0.43105156751954954,0.069915265078073,0.9894378909936351,0.049480360746951946,0.05300757923925925,0.7132104158814864,0.5871963158271152,0.10765615686907537,0.6455613450784652,0.5843872960313179,0.13126938872433347,0.2922385272768615,0.1046969106709893,0.8511185341567336,0.544040229471922,0.1977223219648533,0.6021705904037704,0.872816763517352,0.7908280454473492,0.9596241506381747,0.9745059676548687,0.3000205331126804,0.7641350464443507,0.9669612843405765,0.030521880033929194,0.4965100005882743,0.7443699372027791,0.21161514186107022,0.507123751943345,0.4379695237003307,0.0015374232413037925,0.9451363749641369,0.7487890933615787,0.4929128368753084,0.3019697613386326,0.5121004490341692,0.986049267137181,0.5044432353168372,0.5175004236233883,0.8061672462658959,0.5790170062978629,0.7800121835920785,0.34154722689928974,0.45407751163479193,0.5974712687624691,0.8423149771169575,,,800,1
8,Arithmetic Calculation,0.9931226982875805,0.37671211958193207,0.06789313711182954,0.17435518077277012,0.9854837333026196,0.6331059570826293,0.29779846960165857,0.7601263248554512,0.7200111244119224,0.7736620380612225,0.9751825492085351,0.9410993866063272,0.02691263053560411,0.14544066263317867,0.614944519713447,0.9140335704385036,0.01592743704656685,0.37083046707004874,0.8259219483560853,0.5860759825135381,0.13787137875400046,0.9802108921567683,0.31295470632213995,0.07215399093688635,0.8470969857569028,0.09980983240320329,0.2941896446869364,0.5354717884771871,0.33110040960052267,0.8622226204657522,0.6876145254486594,0.4827409965536995,0.3060751185612275,0.18276036631750803,0.9080763352683205,0.868000384087405,0.030957160709727427,0.39653279884715387,0.9213107738310261,0.8918975183469028,0.012364297006895675,0.1244444391676095,0.8786900932958284,0.02337860906026623,0.5924264630140661,0.19596639471122235,0.5974099928744148,0.3732025686460759,0.7639288721154803,0.46189997123770654,0.18413727019756088,0.842959542090917,0.6991263730673288,0.10485880479779075,0.3620784149269015,0.1970086765814315,0.1370785306979867,0.057913178816974,0.12744143823496457,0.474624967378955,0.46994967012598343,0.22847106510486415,0.5884335887102617,0.15103715863496303,,0.4368520229714117,,572,2
8,Visual Pattern Recognition,0.5023682651453105,0.6428655676625695,0.5500716614636741,0.40650105515304513,0.41186188934981105,0.29470896559293014,0.8485204173737517,0.3371856075080798,0.2032210342209565,0.6977566452374657,0.6729466080914406,0.32047529680330655,0.299525300271104,0.8851915065522951,0.1052979208539897,0.8419762267575518,0.07935844939635284,0.03338804488876779,0.2199932100299098,0.5614686231772745,0.7817771421355274,0.9430572609117103,0.0016411755696851271,0.07694357174702793,0.0045451925902714185,0.3791238950660101,0.6616488119358109,0.9032882614449241,0.6883106248274875,0.5912787357567232,0.9065603286650462,0.7099288941172286,0.23417399140117157,0.7164942232064695,0.753450532181555,0.47799749811774805,0.49869247249453696,0.7461239155589817,0.75998795875645,0.5438237918523668,0.00018281263241137768,0.6269503145751527,0.6253334486193679,0.27042103261724626,0.13043823239358854,0.6889269380046552,0.7845649391756648,0.08047037257379552,0.5013132537132369,0.7582844491579599,0.08648275767844837,0.22672872141877443,0.46733303065145626,0.2867002522275439,0.35307050866564893,0.33313253968598355,0.2058447538062521,0.8452862115613655,0.6252453801898921,0.6174812383054151,0.7492931812591777,0.2704693509556664,0.28103055667027754,0.5045512177672996,,,0.4613696986908522,321,3
9,Resting State,0.8908877723130701,0.7163227366049393,0.36244487874652,0.027913956219986713,0.6221953806459056,0.3900458155203922,0.67025840357608,0.9189122684459642,0.15890978114469756,0.15960341234196052,0.8930939857116543,0.9895320609222396,0.45046241036213075,0.5636332432262074,0.8630831568249648,0.24070760586139728,0.9298097467644967,0.29259936359380323,0.2182383586334623,0.21181863183463334,0.9496854535848022,0.6514990775825692,0.31998327552766137,0.2402113419636217,0.5468677434015952,0.6620539826534468,0.696476360705357,0.6761873217839068,0.2434733240372845,0.9817492085685152,0.7669310615571773,0.35093597142280797,0.3449471697423069,0.6798487524607814,0.613209386904838,0.1464813657038091,0.7530252544953632,0.7386606257618089,0.6902731744288793,0.2238389255817661,0.4240269075075087,0.031138293675951667,0.6382003658512909,0.5366555215008983,0.7096711480108072,0.10794286036270107,0.063919334946134,0.4066458764188211,0.052001272969688817,0.8941950798013583,0.6707002235741086,0.24869532293993946,0.5830179192189181,0.8101360346642273,0.8150818233456464,0.40628703756057327,0.1806205958944923,0.6052734031599164,0.6799638374459342,0.05982808749971891,0.9363407140797503,0.34968884218797713,0.21112996344252066,0.7009071585897217,,,,638,0
9,Memory Recall,0.3192497379591569,0.29934680358866184,0.9743271604801814,0.39805655724015643,0.10392111624735123,0.5974331311555124,0.9989172186049167,0.7536685303748032,0.1290711501721994,0.8615414084013338,0.9071906337533272,0.8246042659082736,0.0442322895184023,0.3135444448292175,0.18105194081428877,0.38822329119649157,0.032840507399559904,0.3244927184816635,0.3306707348345994,0.24641430184308122,0.36092728598690216,0.8135321803993223,0.028810974494074104,0.8721701858682586,0.6202710223642223,0.9547940148355689,0.8206495087817082,0.7640655796648766,0.9696200467143902,0.8158884421588243,0.21887724013241028,0.9296893247946534,0.03702984573746282,0.45928218475061533,0.8024829986589874,0.9245479404457654,0.5480339507126484,0.3742199550360137,0.8422609094578432,0.44166754616170767,0.16734745280621088,0.4973413386664165,0.9181854665654685,0.14475223677614013,0.723024978849721,0.9256332040223916,0.5415505100401796,0.6054123923879001,0.5296729463767461,0.30597103879424503,0.47186126106387116,0.8439373895716878,0.3001298793412597,0.8284176363445473,0.3382937049024817,0.8450635561387865,0.03353858079336125,0.9575639214511836,0.7853865399355706,0.7999195276723793,0.1808241622287441,0.21100198626611744,0.5953410074434236,0.5508737390063179,0.750482037210855,,,994,1
9,Arithmetic Calculation,0.2689172269086161,0.2667378467030729,0.16693388402824982,0.45379606947834505,0.6399077355072091,0.39788940330010114,0.6359216256791335,0.9330991686512579,0.8484308148444807,0.41988660945016953,0.4499388081631772,0.10314198879073988,0.2912432026002746,0.7281495619224474,0.9285614696718082,0.27821900357733165,0.993425987914698,0.8538289809216456,0.6267900299481354,0.6774611012038741,0.33322933133391686,0.3816761581905762,0.5566969886854762,0.5841298678746646,0.24344970864486837,0.5792910690874559,0.15932997538061877,0.749107123529348,0.5849636590032303,0.4643152503335246,0.07456988808665022,0.4223550697016393,0.8301958298207327,0.6311024569042463,0.1239876561871106,0.0883216623567773,0.014173410595468172,0.5964892993332115,0.7861951204435612,0.34245698241130784,0.47091135470820933,0.39656516491605254,0.3400358286626243,0.00862055044097787,0.3562395182843815,0.5902667388224438,0.28194735457121856,0.4847530302685753,0.21000597125387443,0.7000963831288964,0.8554746299006931,0.16179034417506832,0.8339478251098967,0.0925488266890756,0.9647335355489367,0.49825778368550233,0.8088978639709027,0.939233207346532,0.3254176219874835,0.18451746679825765,0.289494476829502,0.9012198511951099,0.6495143259629371,0.3180269899597439,,0.809960279915279,,178,2
9,Visual Pattern Recognition,0.5811041100002561,0.9230617773175321,0.3640595682537481,0.10720609942219006,0.6702938120332073,0.14556016133638305,0.1722115760935291,0.47556423605948217,0.7606441013013667,0.5976732865357731,0.2420340846353911,0.5249536508649598,0.7688492253837724,0.1936729868499555,0.7768963713536599,0.5365842325432711,0.6901613717388184,0.3861558881703697,0.6988266788705063,0.053366883341045335,0.03259502080958032,0.5942712824585832,0.7607794228824255,0.2791090610677286,0.5782755024755899,0.9238115781837496,0.37940662027181127,0.39287636745738197,0.448416941478998,0.3387971640619538,0.8320840178565785,0.5138808607261717,0.6293078877122708,0.7533849498438984,0.8827027849806092,0.7500384813137998,0.11989190895185675,0.2197717820732833,0.15691550909878582,0.22148233583823718,0.3422119675312102,0.11357875219282831,0.952044528363378,0.09782427786088488,0.5471312617957528,0.31652853254668056,0.022320372121188314,0.16027810761624628,0.6103576025877155,0.06130485704212796,0.7449582628145466,0.6447100098554476,0.9491972339739182,0.44603868256576173,0.8394287467462411,0.7499086300895335,0.7653353585824259,0.23695342171442735,0.7103988559805299,0.35995063889945045,0.2827873747148547,0.5781831667732751,0.030638517160544,0.5006309099839059,,,0.3361522959399641,845,3
10,Resting State,0.9738497826654323,0.6064695398389277,0.3411437824227119,0.7568768491875778,0.9584630258148933,0.11188238322688837,0.2673050349261872,0.29006759536445115,0.8687322040050091,0.5422176901696252,0.953238101425364,0.5279245921296833,0.11486260134826409,0.09499201179317662,0.9897543859359104,0.9050442102267663,0.4150559014663351,0.9880614538885296,0.26746824472682773,0.766065182297985,0.16325847607938526,0.4154885838250336,0.6291852123294523,0.40538512887487677,0.1909648261224577,0.991343138019493,0.3050976411049505,0.7679675936704218,0.8561598362400873,0.4720801839506382,0.5958997483656472,0.6582689519742109,0.25099150772370893,0.37350624337755944,0.2865974878744889,0.22687533671391236,0.8788539313683121,0.29334436083164417,0.6244704615490471,0.9549988441835843,0.5376390392640169,0.5762910246934918,0.9127256983611521,0.9079084530799115,0.6262052767044926,0.559889298884043,0.7396184105298287,0.2163620185399644,0.8584916574304217,0.7194375889441705,0.9841842170944702,0.3590922787661035,0.7749945523449417,0.02651337509112517,0.9747759058964393,0.07362760647354971,0.3088152954181971,0.4480179720848144,0.21028192599035578,0.2603640450125466,0.23454186165097413,0.5865406639300544,0.17898448697121594,0.6998007725753516,,,,389,0
10,Memory Recall,0.9069750073720729,0.07555068949131505,0.7077820218930325,0.7091150595996818,0.6815676761005213,0.7254948575871888,0.7597029529410562,0.5597392102560739,0.9606132047049143,0.8475709086466529,0.4196843010837523,0.8190488497770766,0.9801651649998633,0.12748447819602515,0.49774169152725933,0.46014317543131855,0.10149223233874793,0.5619241174496797,0.354373454277495,0.6676289482647334,0.35641850797299723,0.015382200649635358,0.9445806199208517,0.4969201551603877,0.5591481752692199,0.2566944285299315,0.4976778585951148,0.649468259049616,0.3969899995307896,0.5350658611190563,0.23462965806217506,0.6872521070230876,0.5436661039039561,0.9610148167155563,0.6950695693961809,0.44364764446835125,0.33993700086255696,0.6043570789802095,0.47088300748164813,0.01698077722485214,0.17645414852585906,0.7213094025069028,0.46645744428607305,0.5032401764408255,0.4397567751164012,0.8570432369450025,0.15661105881535775,0.7297278995647903,0.6929689409711973,0.3335166076858822,0.5324437299089367,0.7208269598514492,0.19085351905914405,0.8863899251544601,0.42426412287094173,0.43246415626832124,0.9438657239206589,0.7262494732231606,0.6751312422971825,0.00026301405193929206,0.7263278583912699,0.8353894534382209,0.17369568925007217,0.46939240684206995,0.06987047579334815,,,513,1
10,Arithmetic Calculation,0.19998086436186058,0.6082354026215474,0.07185338442344025,0.3685409439517645,0.3439690313428555,0.02564727346990192,0.40852908791116205,0.22013845846502822,0.043034624580154834,0.09258179265040023,0.704230096632056,0.22431447179085084,0.9526641825076997,0.8140005241229098,0.20439013880610157,0.16146108165029327,0.20654527514268883,0.14782993901698305,0.39277091936268904,0.18534469928332697,0.8341510415989873,0.8889270466250532,0.6970151918637758,0.9389824264014014,0.12117214074171079,0.5052846783179583,0.2121040579159169,0.9352968073868709,0.12211867423812273,0.3127672145608852,0.43156004779634105,0.44270246914363665,0.7602768208159348,0.6477956280526924,0.08276507203014105,0.724695902379538,0.05983872237139032,0.6610745138934278,0.06580923251944659,0.28985074664196575,0.9540213680148945,0.8602215922790654,0.9033758489509138,0.8225709621760534,0.24342938808884762,0.5708245585206688,0.8181900867319306,0.40277228085945305,0.7974907645187351,0.5983560046518889,0.4606529002578559,0.8572174068780242,0.4945433265455592,0.5534091013310558,0.008296134169364922,0.8223521590880973,0.2843641511648515,0.212676870078519,0.6350352510356944,0.013405236061849402,0.7706423949904574,0.942677545741505,0.3280001591077343,0.30082632094426387,,0.4251917844440899,,996,2
10,Visual Pattern Recognition,0.7353579362805256,0.125860810211891,0.15688621939722058,0.3390792946323109,0.5342537004499573,0.8237471180977781,0.3911231628714158,0.44256491887953275,0.17956881137375025,0.037995022674425005,0.6732859498229891,0.6136392959890664,0.2553050208775627,0.3573486545177086,0.7452134658220101,0.006365325175638703,0.9607267733634767,0.8643032113303859,0.14180543036057658,0.4346596918504101,0.9673449534774617,0.374580628502282,0.5500537723272394,0.8566607069274863,0.09309041920103567,0.9919370681315687,0.35215200415203185,0.3536935592607625,0.43272027049961237,0.013340915740028048,0.38526773359713384,0.5966924102690326,0.9915658218341018,0.9062377470540428,0.03929575920674899,0.18309258137417583,0.2064103598017899,0.16086641045194072,0.7289438295047748,0.7838851377964489,0.1255404607889291,0.811996767856666,0.39377068055481523,0.9563446983865633,0.8269077868560588,0.7959231450338411,0.5947726953353092,0.49138780881998656,0.10742340902018288,0.14539441478578374,0.3748929108883272,0.8874866427785554,0.8506629421104712,0.8353200676719114,0.8388724290624987,0.45978085245438904,0.21114618946324415,0.6133834971718732,0.5509704929831154,0.15375949830735336,0.8376516273736758,0.22300092482491707,0.336269006912874,0.24139508322620207,,,0.037286406888992873,631,3
