"extralinea1","extralinea2","parametro1","parametro2","parametro3","parametro4","parametro5","parametro6","parametro7","parametro8","parametro9","parametro10","parametro11","parametro12","parametro13","parametro14","Calificacion"
"no","no",0,129.1,137,21.95,228.5,83,19.42,208.8,111,9.4,12.7,6,3.43,4,"Incorrecto"
"no","no",0,187.7,127,31.91,163.4,148,13.89,196,94,8.82,9.1,5,2.46,0,"Correcto"
"no","no",0,128.8,96,21.9,104.9,71,8.92,141.1,128,6.35,11.2,2,3.02,1,"Correcto"
"no","no",0,190.7,114,32.42,218.2,111,18.55,129.6,121,5.83,8.1,3,2.19,3,"Correcto"
"no","no",0,110.4,103,18.77,137.3,102,11.67,189.6,105,8.53,7.7,6,2.08,2,"Correcto"
"no","no",0,124.3,76,21.13,277.1,112,23.55,250.7,115,11.28,15.5,5,4.19,3,"Correcto"
"no","no",0,130.8,64,22.24,223.7,116,19.01,227.8,108,10.25,10,5,2.7,1,"Correcto"
"yes","yes",33,203.9,106,34.66,187.6,99,15.95,101.7,107,4.58,10.5,6,2.84,3,"Correcto"
"no","no",0,140.4,94,23.87,271.8,92,23.1,188.3,108,8.47,11.1,9,3,1,"Correcto"
"yes","yes",41,173.1,85,29.43,203.9,107,17.33,122.2,78,5.5,14.6,15,3.94,0,"Incorrecto"
"no","no",0,85.8,77,14.59,165.3,110,14.05,178.5,92,8.03,9.2,4,2.48,3,"Correcto"
"no","no",0,186.1,112,31.64,190.2,66,16.17,282.8,57,12.73,11.4,6,3.08,2,"Correcto"
"yes","no",0,251.5,105,42.76,212.8,104,18.09,157.8,67,7.1,9.3,4,2.51,0,"Correcto"
"no","no",0,178.9,101,30.41,169.1,110,14.37,148.6,100,6.69,13.8,3,3.73,4,"Incorrecto"
"no","no",0,201.1,99,34.19,303.5,74,25.8,224,119,10.08,13.2,2,3.56,1,"Correcto"
"no","yes",24,249.5,101,42.42,259.7,98,22.07,222.7,68,10.02,9.8,4,2.65,1,"Correcto"
"no","no",0,143.9,61,24.46,194.9,105,16.57,109.6,94,4.93,11.1,2,3,1,"Correcto"
"no","no",0,203.4,100,34.58,190.9,104,16.23,196,119,8.82,8.9,4,2.4,0,"Incorrecto"
"no","no",0,179.1,71,30.45,190.6,81,16.2,127.7,91,5.75,10.6,7,2.86,3,"Correcto"
"no","no",0,160.1,110,27.22,213.3,72,18.13,174.1,72,7.83,13,4,3.51,0,"Correcto"
"no","no",0,212.1,131,36.06,209.4,104,17.8,167.2,96,7.52,5.3,5,1.43,1,"Incorrecto"
"no","no",0,178.3,137,30.31,189,76,16.07,129.1,102,5.81,14.6,5,3.94,0,"Correcto"
"no","no",0,170.5,94,28.99,173.7,109,14.76,248.6,75,11.19,11.3,2,3.05,1,"Correcto"
"no","no",0,161,117,27.37,190.9,113,16.23,227.7,113,10.25,12.1,4,3.27,4,"Correcto"
"no","no",0,210.2,92,35.73,227.3,77,19.32,200.1,116,9,13.1,7,3.54,1,"Correcto"
"no","no",0,145.5,92,24.74,217.7,114,18.5,146.9,123,6.61,10.9,2,2.94,3,"Correcto"
"no","no",0,197,109,33.49,202.6,128,17.22,206.4,80,9.29,9.1,10,2.46,1,"Correcto"
"no","yes",36,183.2,117,31.14,126.8,76,10.78,263.3,71,11.85,11.2,8,3.02,1,"Correcto"
"no","yes",23,205,101,34.85,152,60,12.92,158.6,59,7.14,10.2,5,2.75,2,"Correcto"
"no","yes",39,200.3,68,34.05,220.4,97,18.73,253.8,116,11.42,10.5,4,2.84,0,"Correcto"
"yes","no",0,271.5,87,46.16,216.3,126,18.39,121.1,105,5.45,11.7,4,3.16,1,"Correcto"
"no","no",0,193.8,99,32.95,221.4,125,18.82,172.3,67,7.75,10.6,6,2.86,1,"Correcto"
"no","no",0,226,112,38.42,248.5,118,21.12,140.5,142,6.32,6.9,11,1.86,1,"Correcto"
"no","no",0,217.1,110,36.91,241.5,111,20.53,253.5,103,11.41,12,6,3.24,0,"Correcto"
"no","no",0,219.2,92,37.26,149.4,125,12.7,244.7,104,11.01,6.1,5,1.65,0,"Correcto"
"no","no",0,147.1,91,25.01,190.4,107,16.18,195.2,115,8.78,12.2,3,3.29,0,"Correcto"
"yes","yes",23,197.1,125,33.51,214.5,136,18.23,282.2,103,12.7,9.5,5,2.57,4,"Correcto"
"no","no",0,186.1,98,31.64,254.3,57,21.62,214,127,9.63,14.6,7,3.94,2,"Correcto"
"no","yes",23,289.5,52,49.22,166.6,111,14.16,119.1,88,5.36,9.5,4,2.57,1,"Correcto"
"no","yes",23,198.1,86,33.68,177,86,15.05,180.5,92,8.12,6.8,6,1.84,1,"Correcto"
"no","no",0,182.3,101,30.99,328.2,93,27.9,245,131,11.03,11.2,1,3.02,2,"Correcto"
"no","no",0,140.6,109,23.9,178.6,51,15.18,217,83,9.76,6.8,3,1.84,2,"Correcto"
"no","no",0,213.9,95,36.36,151.9,70,12.91,260.1,124,11.7,12.2,5,3.29,3,"Correcto"
"no","no",0,223,121,37.91,110.1,98,9.36,188.7,107,8.49,7.1,12,1.92,0,"Correcto"
"no","no",0,149.3,113,25.38,242.2,122,20.59,174.3,104,7.84,8.9,6,2.4,2,"Correcto"
"no","no",0,213.4,111,36.28,234.5,94,19.93,250.1,123,11.25,2.7,4,0.73,1,"Correcto"
"no","yes",27,186.2,78,31.65,189.6,83,16.12,76.5,139,3.44,9.6,3,2.59,2,"Correcto"
"no","yes",40,202.6,103,34.44,118.8,128,10.1,234.9,98,10.57,9,9,2.43,2,"Correcto"
"no","no",0,220.2,89,37.43,88.3,125,7.51,195.3,79,8.79,12.9,5,3.48,0,"Correcto"
"no","no",0,225,81,38.25,176.9,63,15.04,194.3,110,8.74,7.1,2,1.92,3,"Correcto"
"no","no",0,110.3,107,18.75,166.5,93,14.15,202.3,96,9.1,9.5,5,2.57,0,"Correcto"
"no","yes",37,60,102,10.2,102.2,80,8.69,261.8,106,11.78,11.1,3,3,0,"Correcto"
"no","yes",29,157.4,99,26.76,117.9,80,10.02,279.2,79,12.56,13.9,11,3.75,4,"Incorrecto"
"no","no",0,207.9,91,35.34,172,109,14.62,191.8,143,8.63,14.4,7,3.89,4,"Correcto"
"no","no",0,138.6,122,23.56,172.3,117,14.65,231.6,92,10.42,9.8,3,2.65,1,"Correcto"
"no","no",0,143.3,103,24.36,211.3,108,17.96,185.2,96,8.33,11.5,3,3.11,1,"Correcto"
"no","yes",30,206.2,79,35.05,260,91,22.1,291.6,83,13.12,11.4,6,3.08,1,"Correcto"
"yes","no",0,218.9,88,37.21,208,85,17.68,203.3,99,9.15,11.1,4,3,0,"Correcto"
"no","yes",48,189.8,96,32.27,123.4,67,10.49,214.2,106,9.64,6.5,2,1.76,2,"Incorrecto"
"no","no",0,198.4,93,33.73,210.9,108,17.93,193.3,71,8.7,10.4,6,2.81,2,"Correcto"
"no","no",0,85.7,83,14.57,247.7,67,21.05,142.4,85,6.41,10.1,5,2.73,2,"Correcto"
"no","no",0,215.5,129,36.64,218.7,117,18.59,207.1,91,9.32,6.6,9,1.78,4,"Correcto"
"no","no",0,171.7,80,29.19,110.4,81,9.38,195.4,111,8.79,11.9,4,3.21,2,"Correcto"
"no","no",0,234,109,39.78,249.5,114,21.21,173.1,70,7.79,9.1,5,2.46,2,"Correcto"
"no","no",0,194.4,101,33.05,190.3,82,16.18,183.4,107,8.25,11.4,2,3.08,0,"Correcto"
"no","yes",28,121,105,20.57,270.4,100,22.98,160.5,76,7.22,7.7,4,2.08,2,"Correcto"
"no","yes",32,125.2,79,21.28,177.8,105,15.11,232.4,89,10.46,12.9,3,3.48,1,"Correcto"
"no","no",0,198.3,130,33.71,217.1,86,18.45,188.4,96,8.48,12.5,3,3.38,0,"Correcto"
"no","no",0,233.8,104,39.75,266.5,94,22.65,212.7,104,9.57,7.6,3,2.05,2,"Correcto"
"no","no",0,213,63,36.21,176.6,71,15.01,262.6,126,11.82,9.1,1,2.46,1,"Incorrecto"
"no","yes",34,221.8,105,37.71,161.7,85,13.74,227.7,62,10.25,14,7,3.78,0,"Correcto"
"no","yes",21,64.6,98,10.98,176.1,86,14.97,244.8,84,11.02,0,0,0,2,"Correcto"
"no","yes",33,161.6,117,27.47,123,90,10.46,261.3,101,11.76,12.2,5,3.29,1,"Correcto"
"no","no",0,107,63,18.19,105.7,67,8.98,243.1,74,10.94,12.8,3,3.46,4,"Incorrecto"
"yes","yes",38,220.1,78,37.42,234.3,71,19.92,237.3,85,10.68,10.1,4,2.73,4,"Correcto"
"yes","no",0,244.6,89,41.58,188.8,80,16.05,206,114,9.27,11.3,4,3.05,1,"Correcto"
"no","no",0,193.3,96,32.86,264.1,123,22.45,128.6,115,5.79,9.1,3,2.46,4,"Correcto"
"no","no",0,197,110,33.49,222.8,102,18.94,225.3,91,10.14,10.6,6,2.86,2,"Correcto"
"no","yes",21,214,113,36.38,180,114,15.3,134.5,82,6.05,10.6,5,2.86,0,"Correcto"
"no","no",0,242.1,118,41.16,191,93,16.24,218.6,50,9.84,14.7,2,3.97,3,"Correcto"
"yes","no",0,176.2,87,29.95,145,81,12.33,249.5,92,11.23,5.7,4,1.54,0,"Correcto"
"no","no",0,102,95,17.34,270.2,139,22.97,148.2,105,6.67,10.7,3,2.89,1,"Correcto"
"no","no",0,168.4,125,28.63,243.8,89,20.72,214.7,102,9.66,11.1,2,3,1,"Correcto"
"no","yes",22,278.3,89,47.31,93.4,143,7.94,107.6,42,4.84,9.7,5,2.62,0,"Correcto"
"no","no",0,157.1,134,26.71,184.9,122,15.72,197.2,59,8.87,8.5,5,2.3,4,"Incorrecto"
"no","no",0,97.2,80,16.52,186.2,90,15.83,189,92,8.5,10.4,6,2.81,2,"Correcto"
"no","yes",28,206.9,126,35.17,264.4,126,22.47,171.8,124,7.73,9.3,11,2.51,2,"Correcto"
"no","yes",40,104.9,65,17.83,216.3,93,18.39,217.4,128,9.78,9.6,9,2.59,1,"Correcto"
"no","yes",20,198.9,77,33.81,274,88,23.29,190.7,76,8.58,14.3,9,3.86,1,"Correcto"
"no","no",0,264.8,124,45.02,245.4,112,20.86,160.5,115,7.22,14.8,2,4,1,"Incorrecto"
"no","no",0,184,120,31.28,120.4,119,10.23,153.7,86,6.92,11,3,2.97,0,"Correcto"
"no","yes",36,226.2,103,38.45,181.6,125,15.44,258.8,102,11.65,10.5,5,2.84,3,"Incorrecto"
"no","no",0,75,116,12.75,248.7,87,21.14,176,83,7.92,9.5,6,2.57,3,"Correcto"
"no","yes",33,96.6,59,16.42,315.4,98,26.81,163.3,117,7.35,6.2,4,1.67,4,"Incorrecto"
"no","yes",20,214.6,101,36.48,235.1,132,19.98,162.8,132,7.33,14.8,12,4,0,"Correcto"
"no","no",0,149.9,95,25.48,256.1,110,21.77,212.7,92,9.57,13.3,13,3.59,2,"Correcto"
"yes","no",0,156.1,114,26.54,180.3,63,15.33,179.6,115,8.08,11.1,9,3,2,"Correcto"
"no","yes",23,114.3,102,19.43,190.3,103,16.18,240.4,111,10.82,12.6,7,3.4,3,"Correcto"
"yes","no",0,216.9,61,36.87,207.4,120,17.63,221.7,110,9.98,17.5,5,4.73,1,"Incorrecto"
"yes","yes",26,217.2,138,36.92,145.5,111,12.37,280.7,76,12.63,9.3,3,2.51,0,"Correcto"
"no","yes",24,186.6,69,31.72,222,116,18.87,234.9,138,10.57,11.6,5,3.13,1,"Correcto"
"no","no",0,168.2,92,28.59,224.7,100,19.1,169.5,99,7.63,12.9,3,3.48,1,"Correcto"
"no","no",0,47.4,125,8.06,167.8,90,14.26,163.1,107,7.34,10.5,8,2.84,2,"Correcto"
"no","no",0,227.4,88,38.66,182.5,100,15.51,191.7,134,8.63,12.5,3,3.38,0,"Correcto"
"no","yes",37,163.5,77,27.8,203.1,102,17.26,232,87,10.44,7.8,4,2.11,2,"Correcto"
"no","yes",36,201.3,117,34.22,42.2,78,3.59,125.7,104,5.66,5.4,3,1.46,1,"Correcto"
"no","yes",31,103.1,90,17.53,243,135,20.66,76.4,92,3.44,12.2,8,3.29,3,"Correcto"
"no","yes",31,237.1,63,40.31,205.6,117,17.48,196.7,85,8.85,10.1,5,2.73,4,"Correcto"
"yes","no",0,78.2,103,13.29,195.9,149,16.65,108,100,4.86,10.1,6,2.73,2,"Correcto"
"no","no",0,131.8,97,22.41,136.7,100,11.62,308.2,119,13.87,7.7,6,2.08,2,"Correcto"
"no","no",0,145.6,106,24.75,98.3,106,8.36,230.8,83,10.39,10.9,5,2.94,1,"Correcto"
"no","no",0,211,76,35.87,189,100,16.07,123,102,5.54,4.7,4,1.27,3,"Correcto"
"no","yes",31,228.6,88,38.86,248.5,109,21.12,167.1,124,7.52,9,1,2.43,3,"Correcto"
"no","yes",30,183.8,76,31.25,229.7,95,19.52,144.1,124,6.48,7.7,3,2.08,1,"Correcto"
"no","no",0,150.5,75,25.59,193.1,93,16.41,311.6,93,14.02,10.3,2,2.78,1,"Correcto"
"no","no",0,218.9,105,37.21,299.9,87,25.49,158.6,110,7.14,11.3,4,3.05,2,"Correcto"
"no","no",0,187.8,94,31.93,248.6,86,21.13,208.8,124,9.4,10.6,5,2.86,0,"Correcto"
"yes","yes",29,220.7,82,37.52,217.7,110,18.5,190.5,100,8.57,13.2,6,3.56,1,"Incorrecto"
"no","no",0,195.4,107,33.22,154.6,96,13.14,142.8,97,6.43,11.6,6,3.13,1,"Correcto"
"no","no",0,191.3,89,32.52,193.9,87,16.48,268.4,121,12.08,12.8,4,3.46,1,"Correcto"
"no","no",0,299.5,125,50.92,226.7,92,19.27,210.7,134,9.48,13.7,4,3.7,0,"Incorrecto"
"no","no",0,150.7,105,25.62,197.3,133,16.77,169,116,7.61,9.2,15,2.48,1,"Correcto"
"no","no",0,161.5,92,27.46,173.5,108,14.75,206.2,95,9.28,7.9,4,2.13,2,"Correcto"
"no","yes",22,252.9,112,42.99,177.9,99,15.12,158.4,146,7.13,8.5,4,2.3,3,"Correcto"
"no","yes",28,235.6,74,40.05,227.9,37,19.37,170.3,103,7.66,15.4,9,4.16,0,"Correcto"
"no","yes",39,206.9,143,35.17,127.8,72,10.86,199.2,120,8.96,9.2,1,2.48,3,"Correcto"
"no","yes",22,263.8,65,44.85,103.4,115,8.79,208.1,109,9.36,8.5,3,2.3,3,"Correcto"
"no","no",0,264.7,69,45,305,120,25.93,197.4,86,8.88,9.5,9,2.57,1,"Incorrecto"
"no","no",0,197.1,126,33.51,130.1,76,11.06,78.1,100,3.51,7.4,4,2,3,"Correcto"
"no","no",0,231.2,135,39.3,188.7,74,16.04,206.9,124,9.31,12.3,1,3.32,1,"Correcto"
"yes","no",0,222.4,78,37.81,327,111,27.8,208,104,9.36,8.7,9,2.35,1,"Incorrecto"
"no","no",0,189.5,90,32.22,189.8,118,16.13,205.8,83,9.26,13.1,2,3.54,1,"Correcto"
"no","yes",32,30.9,113,5.25,187,113,15.9,230.8,101,10.39,8.6,7,2.32,1,"Correcto"
"no","no",0,223.2,76,37.94,214.4,131,18.22,154.4,80,6.95,10.1,2,2.73,3,"Correcto"
"no","no",0,277.5,104,47.18,131.8,121,11.2,126.9,101,5.71,8.2,2,2.21,1,"Correcto"
"no","no",0,206,89,35.02,186,88,15.81,307.1,86,13.82,8.4,11,2.27,0,"Correcto"
"no","no",0,191.2,110,32.5,163.9,102,13.93,243.6,114,10.96,14.1,3,3.81,1,"Correcto"
"no","no",0,215.6,78,36.65,195.3,119,16.6,194.4,65,8.75,3.6,5,0.97,1,"Correcto"
"no","no",0,203.2,81,34.54,152.5,99,12.96,197.8,76,8.9,9.7,3,2.62,2,"Correcto"
"no","no",0,137.4,109,23.36,237.6,49,20.2,206.7,136,9.3,14,11,3.78,3,"Correcto"
"no","yes",39,261.2,122,44.4,214.2,101,18.21,154.9,101,6.97,12.7,5,3.43,2,"Correcto"
"no","no",0,162.1,86,27.56,155,86,13.18,189.7,87,8.54,11,9,2.97,5,"Incorrecto"
"no","no",0,184.6,102,31.38,196,117,16.66,226.5,122,10.19,7.8,1,2.11,1,"Correcto"
"no","no",0,220.7,120,37.52,270.2,95,22.97,121.6,113,5.47,8.7,5,2.35,1,"Correcto"
"no","yes",23,182.1,94,30.96,164.6,59,13.99,128.8,102,5.8,12.7,4,3.43,3,"Correcto"
"no","no",0,201.2,128,34.2,227.2,100,19.31,145.8,91,6.56,8.4,3,2.27,2,"Correcto"
"no","yes",35,186.8,124,31.76,261,69,22.19,317.8,103,14.3,15,5,4.05,0,"Correcto"
"no","yes",31,153.5,83,26.1,219.1,96,18.62,237.4,76,10.68,11.4,4,3.08,0,"Correcto"
"yes","no",0,273.5,104,46.5,183.8,68,15.62,153.8,67,6.92,11,9,2.97,2,"Correcto"
"no","yes",22,197.1,113,33.51,259.4,95,22.05,134.7,135,6.06,14.6,5,3.94,2,"Correcto"
"no","no",0,208.3,86,35.41,253.6,89,21.56,291,86,13.1,12.6,3,3.4,1,"Correcto"
"no","yes",30,127.1,89,21.61,172.1,116,14.63,194.6,111,8.76,12.1,3,3.27,1,"Correcto"
"yes","yes",16,143.5,76,24.4,242.6,58,20.62,147.7,95,6.65,11.3,3,3.05,0,"Correcto"
"no","yes",17,186.9,94,31.77,240,138,20.4,200.9,64,9.04,5.8,3,1.57,1,"Correcto"
"no","no",0,123.7,96,21.03,103,80,8.76,189.4,82,8.52,13.1,4,3.54,1,"Correcto"
"no","no",0,314.6,102,53.48,169.8,86,14.43,285.1,100,12.83,5.7,3,1.54,2,"Incorrecto"
"no","no",0,178,110,30.26,153.8,64,13.07,236.6,105,10.65,11.7,4,3.16,1,"Correcto"
"no","yes",24,149.4,74,25.4,123.9,72,10.53,174.3,84,7.84,10.1,6,2.73,1,"Correcto"
"yes","no",0,167.7,94,28.51,93.7,121,7.96,241.3,115,10.86,13.4,1,3.62,3,"Incorrecto"
"no","no",0,216.2,107,36.75,215.6,84,18.33,138.4,127,6.23,10.2,3,2.75,0,"Correcto"
"no","no",0,72.7,75,12.36,208.6,117,17.73,65.8,71,2.96,9.9,3,2.67,1,"Correcto"
"no","yes",17,219.5,78,37.32,222.1,94,18.88,188.3,92,8.47,16.1,5,4.35,1,"Correcto"
"no","yes",31,125.9,101,21.4,196.4,102,16.69,252.7,75,11.37,10.3,4,2.78,1,"Correcto"
"no","no",0,237.6,79,40.39,192.4,107,16.35,207.4,111,9.33,9.1,9,2.46,0,"Correcto"
"no","yes",24,212.7,73,36.16,257.5,103,21.89,227.8,119,10.25,9.7,13,2.62,2,"Correcto"
"no","yes",38,163.6,132,27.81,146.7,113,12.47,345.8,115,15.56,13.1,3,3.54,3,"Correcto"
"no","no",0,209.8,114,35.67,171.3,82,14.56,154.6,119,6.96,9.9,9,2.67,4,"Correcto"
"no","no",0,105,150,17.85,251.6,90,21.39,258,93,11.61,14.9,5,4.02,0,"Correcto"
"no","no",0,271.4,119,46.14,190.4,102,16.18,284.7,118,12.81,11.1,6,3,4,"Incorrecto"
"no","no",0,204.9,107,34.83,135.2,102,11.49,208.2,106,9.37,10.4,3,2.81,5,"Correcto"
"no","no",0,127,107,21.59,323.2,75,27.47,143.9,127,6.48,7.5,2,2.03,1,"Correcto"
"no","no",0,254.8,85,43.32,143.4,80,12.19,153.9,102,6.93,15,7,4.05,2,"Correcto"
"no","yes",31,107.7,124,18.31,188.9,104,16.06,196.2,98,8.83,8.9,3,2.4,0,"Correcto"
"no","no",0,165.3,118,28.1,210,101,17.85,187.2,93,8.42,8.5,3,2.3,2,"Correcto"
"no","yes",35,215.9,106,36.7,200.6,107,17.05,195.4,107,8.79,15.5,7,4.19,0,"Correcto"
"no","yes",32,209.9,113,35.68,249.8,104,21.23,224.2,92,10.09,8.7,7,2.35,1,"Correcto"
"no","no",0,213,95,36.21,188.8,104,16.05,136.2,89,6.13,13.5,3,3.65,0,"Correcto"
"no","no",0,159.8,91,27.17,120.4,86,10.23,163,93,7.34,10.6,3,2.86,2,"Correcto"
"no","yes",24,130.1,117,22.12,196,61,16.66,139.3,123,6.27,11.4,5,3.08,0,"Correcto"
"no","no",0,168.8,137,28.7,241.4,107,20.52,204.8,106,9.22,15.5,4,4.19,0,"Correcto"
"no","no",0,226.2,88,38.45,140.3,114,11.93,208.9,110,9.4,6.4,2,1.73,0,"Correcto"
"no","yes",28,174.4,75,29.65,169.9,80,14.44,201.6,130,9.07,11,4,2.97,1,"Correcto"
"no","no",0,237.2,124,40.32,222.6,87,18.92,173.3,81,7.8,11,3,2.97,1,"Correcto"
"no","yes",39,175.7,93,29.87,187.2,94,15.91,225.5,118,10.15,8.6,3,2.32,2,"Correcto"
"no","yes",30,154,75,26.18,165.8,97,14.09,270,83,12.15,10.8,5,2.92,1,"Correcto"
"no","no",0,176.4,122,29.99,224.9,123,19.12,219.6,50,9.88,11.5,1,3.11,1,"Correcto"
"no","no",0,105.4,70,17.92,214.8,122,18.26,223.6,126,10.06,7.8,5,2.11,0,"Correcto"
"no","yes",24,111.8,85,19.01,239.6,102,20.37,268.3,81,12.07,6.9,4,1.86,1,"Correcto"
"no","yes",35,192.6,97,32.74,135.2,101,11.49,216.2,101,9.73,7.9,2,2.13,2,"Correcto"
"no","no",0,190.6,108,32.4,152.3,95,12.95,144.7,97,6.51,7.5,5,2.03,1,"Correcto"
"no","no",0,277.3,138,47.14,228.4,117,19.41,117.3,103,5.28,12.8,4,3.46,2,"Incorrecto"
"yes","no",0,216.7,117,36.84,116.5,126,9.9,220,110,9.9,9.8,4,2.65,2,"Correcto"
"no","no",0,232.5,96,39.53,205.5,120,17.47,213.7,91,9.62,11.9,2,3.21,0,"Correcto"
"no","no",0,166.9,99,28.37,154.9,97,13.17,189.4,89,8.52,7.2,5,1.94,0,"Correcto"
"no","yes",28,95,94,16.15,291.2,73,24.75,159.6,114,7.18,10,2,2.7,2,"Correcto"
"no","no",0,189.3,77,32.18,220.9,105,18.78,238.7,117,10.74,9.2,5,2.48,4,"Correcto"
"yes","yes",24,93.5,112,15.9,183.4,128,15.59,240.7,133,10.83,9.9,3,2.67,0,"Correcto"
"no","no",0,147,72,24.99,165.7,102,14.08,243.2,107,10.94,8.4,9,2.27,1,"Correcto"
"yes","no",0,12.5,67,2.13,256.6,90,21.81,169.4,88,7.62,7.7,9,2.08,1,"Correcto"
"no","no",0,178.1,109,30.28,146.5,86,12.45,137.6,78,6.19,8.5,2,2.3,1,"Correcto"
"no","yes",38,123,158,20.91,133.9,119,11.38,138.2,103,6.22,13.3,4,3.59,1,"Correcto"
"no","yes",29,239.5,82,40.72,203.8,105,17.32,167.8,70,7.55,9.9,6,2.67,0,"Correcto"
"no","yes",25,219.1,88,37.25,151.5,99,12.88,50.1,60,2.25,14.3,6,3.86,1,"Correcto"
"no","yes",27,25.9,119,4.4,206.5,96,17.55,228.1,64,10.26,6.5,7,1.76,1,"Correcto"
"no","no",0,217,115,36.89,207,142,17.6,268,106,12.06,8.2,4,2.21,1,"Correcto"
"no","no",0,185.2,87,31.48,170.4,96,14.48,165.1,104,7.43,9.5,13,2.57,1,"Correcto"
"no","no",0,274.4,120,46.65,198.6,82,16.88,160.8,62,7.24,6,3,1.62,1,"Correcto"
"no","yes",29,279.9,121,47.58,223.1,109,18.96,251.7,94,11.33,13,2,3.51,1,"Correcto"
"no","no",0,176.9,128,30.07,102.8,56,8.74,213.7,84,9.62,10.5,2,2.84,4,"Incorrecto"
"no","no",0,140.4,112,23.87,187.1,60,15.9,207.9,155,9.36,7.9,1,2.13,0,"Correcto"
"no","no",0,189.1,105,32.15,246.1,147,20.92,242,106,10.89,10.4,5,2.81,1,"Incorrecto"
"no","no",0,103.3,103,17.56,138.5,79,11.77,164.8,98,7.42,9,2,2.43,2,"Correcto"
"no","yes",33,251.6,87,42.77,197.6,118,16.8,209.2,97,9.41,12.2,3,3.29,2,"Correcto"
"no","no",0,139.4,81,23.7,223.7,113,19.01,173.1,77,7.79,13.6,6,3.67,1,"Correcto"
"no","no",0,106.4,71,18.09,240.1,83,20.41,147.7,114,6.65,5.3,4,1.43,6,"Incorrecto"
"no","no",0,216.7,30,36.84,144.3,125,12.27,135.3,106,6.09,10.8,1,2.92,2,"Correcto"
"no","yes",32,262.2,123,44.57,165.2,82,14.04,194.3,57,8.74,10.6,5,2.86,0,"Correcto"
"yes","no",0,106.6,76,18.12,147.4,89,12.53,235.8,113,10.61,9.6,8,2.59,2,"Correcto"
"no","no",0,131.6,120,22.37,211.3,96,17.96,168.3,97,7.57,11.1,4,3,4,"Incorrecto"
"no","no",0,146.4,123,24.89,176.6,113,15.01,212.6,102,9.57,7.8,5,2.11,1,"Correcto"
"no","no",0,103.3,122,17.56,245.9,123,20.9,161.1,95,7.25,6.4,7,1.73,0,"Correcto"
"no","yes",32,187.8,117,31.93,129.8,90,11.03,132.3,113,5.95,12,3,3.24,2,"Correcto"
"yes","yes",26,307.1,94,52.21,289.4,78,24.6,174.9,109,7.87,8,3,2.16,0,"Correcto"
"no","no",0,203.4,81,34.58,167.7,110,14.25,132,124,5.94,9.2,5,2.48,2,"Correcto"
"no","yes",39,92.8,98,15.78,271.2,115,23.05,167.1,83,7.52,5.8,7,1.57,1,"Correcto"
"no","yes",35,245.4,89,41.72,148.2,102,12.6,274,136,12.33,7.5,6,2.03,1,"Correcto"
"no","yes",32,192.3,82,32.69,165.3,134,14.05,205,74,9.23,9,1,2.43,2,"Correcto"
"no","yes",12,141.9,92,24.12,228.9,102,19.46,195.1,101,8.78,8.7,5,2.35,0,"Correcto"
"yes","yes",15,160,95,27.2,209.5,110,17.81,82.3,107,3.7,8.7,5,2.35,5,"Incorrecto"
"no","no",0,188.4,63,32.03,165.9,89,14.1,205.7,71,9.26,13.2,2,3.56,1,"Correcto"
"no","no",0,194.8,97,33.12,235.3,118,20,174.4,126,7.85,11,3,2.97,1,"Correcto"
"no","yes",33,231.8,78,39.41,232.9,79,19.8,206.9,121,9.31,7.6,4,2.05,1,"Correcto"
"no","yes",25,134,112,22.78,206,111,17.51,180.6,118,8.13,9.7,4,2.62,0,"Correcto"
"no","no",0,107.9,88,18.34,235.8,109,20.04,228.6,119,10.29,9.5,3,2.57,2,"Correcto"
"no","no",0,141.1,84,23.99,211.4,108,17.97,103.7,127,4.67,5.9,6,1.59,3,"Correcto"
"no","yes",28,249.6,87,42.43,227.2,138,19.31,239.9,92,10.8,7.6,3,2.05,3,"Correcto"
"no","no",0,215.9,93,36.7,240.1,85,20.41,156.7,123,7.05,4.9,5,1.32,3,"Correcto"
"no","no",0,178.4,97,30.33,168.3,113,14.31,120.5,93,5.42,9.3,9,2.51,1,"Correcto"
"no","no",0,106.4,84,18.09,140.2,104,11.92,90.9,81,4.09,11.4,3,3.08,1,"Correcto"
"no","yes",37,161.2,109,27.4,204.2,79,17.36,231.5,87,10.42,8.9,4,2.4,1,"Correcto"
"no","no",0,178.7,56,30.38,215.7,79,18.33,152.7,84,6.87,10.6,2,2.86,4,"Correcto"
"no","no",0,150.9,79,25.65,161.8,87,13.75,167.7,115,7.55,11.7,5,3.16,3,"Correcto"
"no","no",0,168,116,28.56,192.4,94,16.35,166.5,98,7.49,10.1,3,2.73,2,"Correcto"
"no","yes",34,162.1,83,27.56,171.8,117,14.6,259.8,76,11.69,9.6,3,2.59,4,"Incorrecto"
"yes","no",0,256.8,90,43.66,230.1,104,19.56,143.6,82,6.46,9.1,10,2.46,3,"Correcto"
"no","no",0,140.1,120,23.82,231.4,128,19.67,188.1,127,8.46,11.2,5,3.02,2,"Correcto"
"no","no",0,169.1,105,28.75,169.9,102,14.44,244.9,106,11.02,9.9,10,2.67,3,"Correcto"
"no","no",0,229.3,93,38.98,184.5,111,15.68,168.2,91,7.57,8.8,3,2.38,2,"Correcto"
"no","no",0,162.8,65,27.68,185,109,15.73,219.5,104,9.88,6,3,1.62,2,"Correcto"
"no","no",0,182.3,115,30.99,199.2,97,16.93,120.2,113,5.41,18,5,4.86,1,"Correcto"
"no","yes",20,189.3,95,32.18,118.6,113,10.08,250.2,102,11.26,12.5,4,3.38,2,"Correcto"
"no","yes",31,224.7,69,38.2,134.5,81,11.43,120.3,104,5.41,7.5,5,2.03,1,"Incorrecto"
"no","no",0,166.2,112,28.25,255.3,81,21.7,228.1,97,10.26,5.4,7,1.46,1,"Correcto"
"no","no",0,166.2,102,28.25,217.6,112,18.5,220.2,68,9.91,13.2,2,3.56,4,"Correcto"
"no","no",0,176.4,62,29.99,201,124,17.09,150.4,138,6.77,11.2,2,3.02,0,"Correcto"
"no","yes",24,176,118,29.92,277.9,116,23.62,174.7,71,7.86,14.7,7,3.97,1,"Correcto"
"no","no",0,229.4,107,39,214.1,99,18.2,289.6,95,13.03,10.4,6,2.81,4,"Correcto"
"no","no",0,98,99,16.66,240.7,62,20.46,254.8,123,11.47,10.5,4,2.84,0,"Correcto"
"no","no",0,270.5,69,45.99,230,112,19.55,136,111,6.12,9.6,5,2.59,1,"Incorrecto"
"yes","no",0,174,123,29.58,161.3,115,13.71,260.7,98,11.73,11.4,3,3.08,2,"Correcto"
"no","yes",31,185.4,105,31.52,197.6,126,16.8,147.1,110,6.62,14.5,4,3.92,2,"Correcto"
"yes","no",0,132.1,42,22.46,138.9,88,11.81,192.6,119,8.67,9.1,1,2.46,2,"Incorrecto"
"no","no",0,197.1,117,33.51,227.8,128,19.36,214,101,9.63,9.3,11,2.51,0,"Correcto"
"no","no",0,154.6,112,26.28,184.2,105,15.66,217.4,102,9.78,12.6,5,3.4,2,"Correcto"
"no","yes",29,151.1,121,25.69,244.7,88,20.8,154.4,91,6.95,13.8,2,3.73,2,"Correcto"
"no","no",0,209.6,107,35.63,228.8,96,19.45,172.4,85,7.76,7.6,2,2.05,3,"Correcto"
"no","no",0,224.9,117,38.23,191.9,127,16.31,229.9,97,10.35,10.3,3,2.78,0,"Correcto"
"no","no",0,227.2,89,38.62,194.4,106,16.52,243.4,126,10.95,14.9,2,4.02,0,"Correcto"
"no","yes",31,104.9,115,17.83,237.6,125,20.2,263.4,104,11.85,7.7,6,2.08,3,"Correcto"
"no","no",0,223.9,75,38.06,155.7,109,13.23,150.2,143,6.76,7.3,9,1.97,1,"Correcto"
"no","no",0,179.5,125,30.52,162.3,139,13.8,264.5,133,11.9,6.6,2,1.78,1,"Correcto"
"no","no",0,112,105,19.04,193.7,110,16.46,208.9,93,9.4,4.1,4,1.11,4,"Incorrecto"
"yes","no",0,197.2,127,33.52,156,92,13.26,204.1,99,9.18,9.9,6,2.67,4,"Correcto"
"no","no",0,194.1,62,33,227.2,54,19.31,190.4,115,8.57,15.3,4,4.13,1,"Correcto"
"no","no",0,0,0,0,192.1,119,16.33,168.8,95,7.6,7.2,4,1.94,1,"Correcto"
"no","no",0,132,90,22.44,197.5,75,16.79,175.8,114,7.91,0,0,0,3,"Correcto"
"no","no",0,143.2,80,24.34,88.1,94,7.49,233.2,135,10.49,8.8,7,2.38,4,"Incorrecto"
"no","yes",20,165.7,78,28.17,215.6,94,18.33,243.3,91,10.95,9.8,6,2.65,0,"Correcto"
"no","no",0,176.1,90,29.94,174.9,106,14.87,234.7,134,10.56,9.7,4,2.62,1,"Correcto"
"yes","yes",37,235,101,39.95,183.3,79,15.58,139.8,106,6.29,5.7,7,1.54,2,"Correcto"
"no","yes",38,209.8,130,35.67,196.6,84,16.71,233,79,10.49,7,7,1.89,1,"Correcto"
"yes","yes",34,244.9,118,41.63,219.6,105,18.67,210.8,136,9.49,9.7,6,2.62,4,"Correcto"
"yes","no",0,204.3,82,34.73,188.8,115,16.05,139.4,97,6.27,9.2,7,2.48,1,"Correcto"
"no","no",0,137.1,94,23.31,209.8,83,17.83,238.4,114,10.73,8.6,4,2.32,1,"Correcto"
"no","no",0,39.5,78,6.72,264.3,106,22.47,185.8,90,8.36,10,6,2.7,0,"Correcto"
"no","no",0,183.4,85,31.18,237.6,100,20.2,228,94,10.26,9,5,2.43,3,"Correcto"
"no","yes",41,207.3,95,35.24,137.3,120,11.67,115.7,74,5.21,5.9,3,1.59,1,"Correcto"
"no","no",0,104.7,112,17.8,82.2,104,6.99,169.4,110,7.62,15.8,7,4.27,3,"Correcto"
"no","no",0,168.6,102,28.66,298,117,25.33,194.7,110,8.76,9.8,5,2.65,1,"Correcto"
"yes","no",0,133.3,106,22.66,182.9,89,15.55,241.1,123,10.85,12.9,2,3.48,3,"Incorrecto"
"no","no",0,196.1,107,33.34,296.5,82,25.2,211.5,91,9.52,7,2,1.89,1,"Correcto"
"no","yes",30,153.4,90,26.08,151.4,97,12.87,153.8,97,6.92,12.8,4,3.46,4,"Incorrecto"
"no","no",0,136.4,104,23.19,202.5,110,17.21,230.7,86,10.38,11.5,1,3.11,3,"Correcto"
"no","no",0,272.4,88,46.31,107.9,125,9.17,185.5,81,8.35,12.7,2,3.43,0,"Correcto"
"no","yes",40,210,116,35.7,232.7,89,19.78,168.8,94,7.6,5.9,4,1.59,8,"Correcto"
"yes","yes",17,236.5,94,40.21,163.1,94,13.86,236.7,117,10.65,12.2,3,3.29,2,"Correcto"
"no","no",0,213.9,112,36.36,260.5,100,22.14,233.8,97,10.52,8.4,3,2.27,1,"Incorrecto"
"no","no",0,159.9,100,27.18,172.2,99,14.64,263.2,109,11.84,5.6,4,1.51,1,"Correcto"
"no","no",0,115.1,89,19.57,196.8,111,16.73,212.4,98,9.56,11.4,3,3.08,2,"Correcto"
"no","no",0,261.4,141,44.44,215.7,102,18.33,271.8,96,12.23,8,6,2.16,1,"Incorrecto"
"yes","no",0,242.2,102,41.17,226.1,80,19.22,252,96,11.34,13.9,5,3.75,2,"Incorrecto"
"no","no",0,192.8,68,32.78,158,86,13.43,235.5,105,10.6,12.7,6,3.43,1,"Correcto"
"no","no",0,87.7,103,14.91,278.2,97,23.65,170.6,93,7.68,10.5,10,2.84,1,"Correcto"
"no","no",0,271.1,80,46.09,172,133,14.62,169.2,105,7.61,10.3,5,2.78,1,"Correcto"
"no","no",0,178.4,143,30.33,247,123,21,259.9,105,11.7,9.6,2,2.59,0,"Correcto"
"no","yes",31,194.4,104,33.05,176,84,14.96,230.1,110,10.35,11.5,3,3.11,0,"Correcto"
"no","no",0,154.2,78,26.21,196.7,85,16.72,253.5,97,11.41,10.1,9,2.73,1,"Correcto"
"no","no",0,118.7,90,20.18,205.1,57,17.43,172.2,100,7.75,10.4,6,2.81,3,"Correcto"
"no","yes",38,209.2,110,35.56,116.6,73,9.91,109.6,105,4.93,16.5,4,4.46,2,"Correcto"
"no","no",0,150.5,92,25.59,120.3,95,10.23,271.2,96,12.2,9,2,2.43,1,"Correcto"
"no","yes",25,197.4,73,33.56,295.7,113,25.13,211.7,73,9.53,13.2,2,3.56,0,"Correcto"
"no","no",0,82.3,77,13.99,167.2,80,14.21,194.7,70,8.76,7.2,4,1.94,1,"Correcto"
"no","no",0,216,111,36.72,153.7,115,13.06,227,74,10.22,12.7,4,3.43,1,"Correcto"
"yes","no",0,180,119,30.6,198.8,126,16.9,217.1,70,9.77,12.4,3,3.35,1,"Correcto"
"no","yes",39,198.2,107,33.69,280.4,132,23.83,129.6,73,5.83,11.3,7,3.05,1,"Correcto"
"no","yes",29,185.6,106,31.55,219.7,113,18.67,152.1,120,6.84,11.1,5,3,2,"Correcto"
"yes","no",0,273.9,119,46.56,278.6,103,23.68,255.3,90,11.49,10.9,7,2.94,1,"Incorrecto"
"no","yes",31,125.3,92,21.3,141.2,108,12,168.2,68,7.57,6.3,2,1.7,3,"Correcto"
"no","yes",29,163.8,77,27.85,134.9,112,11.47,79.3,95,3.57,8.8,2,2.38,2,"Correcto"
"yes","yes",44,254.1,127,43.2,180.2,108,15.32,196.2,129,8.83,8.7,4,2.35,3,"Correcto"
"no","yes",19,132.7,94,22.56,204.6,101,17.39,154.7,78,6.96,12.9,7,3.48,3,"Correcto"
"yes","no",0,160.4,73,27.27,293.9,103,24.98,306.6,90,13.8,12.6,5,3.4,4,"Correcto"
"no","yes",20,95,89,16.15,167.9,92,14.27,200.6,79,9.03,11.2,2,3.02,0,"Correcto"
"no","no",0,194.6,114,33.08,232.8,106,19.79,173.4,92,7.8,3.8,2,1.03,3,"Correcto"
"no","no",0,119.2,88,20.26,168.3,110,14.31,204.7,119,9.21,12.2,6,3.29,4,"Incorrecto"
"no","no",0,196.8,81,33.46,168,110,14.28,132.6,98,5.97,12.7,7,3.43,2,"Correcto"
"no","no",0,226.9,144,38.57,201.6,122,17.14,130.2,121,5.86,13.2,5,3.56,2,"Correcto"
"no","no",0,204.8,101,34.82,161,80,13.69,285.7,89,12.86,9.5,3,2.57,0,"Correcto"
"no","no",0,154,133,26.18,198.9,121,16.91,151.9,100,6.84,9.5,3,2.57,4,"Incorrecto"
"yes","no",0,214.1,77,36.4,240.5,94,20.44,188.9,75,8.5,10.1,3,2.73,1,"Correcto"
"no","no",0,54.8,92,9.32,173,103,14.71,195.1,125,8.78,7.5,3,2.03,1,"Correcto"
"no","no",0,134,104,22.78,174.5,94,14.83,311.1,79,14,7.3,3,1.97,3,"Correcto"
"no","no",0,184.8,74,31.42,175.1,84,14.88,158.2,95,7.12,10.5,6,2.84,1,"Correcto"
"no","yes",36,283.1,112,48.13,286.2,86,24.33,261.7,129,11.78,11.3,3,3.05,3,"Correcto"
"no","yes",31,273,78,46.41,215.5,98,18.32,104.7,114,4.71,9.6,2,2.59,1,"Correcto"
"no","yes",38,242.2,96,41.17,159.7,144,13.57,210,108,9.45,8.9,1,2.4,1,"Correcto"
"yes","no",0,127.3,80,21.64,222.3,115,18.9,173.9,95,7.83,13.7,5,3.7,5,"Incorrecto"
"no","yes",31,197.4,125,33.56,123.4,110,10.49,115.6,101,5.2,12.3,4,3.32,3,"Correcto"
"no","no",0,134.8,96,22.92,167.2,78,14.21,161.5,123,7.27,7.7,5,2.08,2,"Correcto"
"no","no",0,143.6,88,24.41,141.8,86,12.05,194,83,8.73,10.8,5,2.92,3,"Correcto"
"no","no",0,215.6,113,36.65,200.6,81,17.05,153.8,107,6.92,12.4,6,3.35,1,"Correcto"
"no","no",0,201.7,85,34.29,169.4,116,14.4,286.3,80,12.88,6,4,1.62,0,"Correcto"
"no","no",0,273.8,113,46.55,119.6,156,10.17,267.6,117,12.04,11.7,3,3.16,1,"Correcto"
"no","yes",23,167.4,83,28.46,258.6,129,21.98,116.4,110,5.24,11.2,3,3.02,4,"Correcto"
"yes","yes",17,225.2,116,38.28,173.4,88,14.74,145.8,99,6.56,11.7,4,3.16,0,"Correcto"
"no","no",0,188.5,152,32.05,148.3,115,12.61,179.8,88,8.09,15.2,5,4.1,2,"Correcto"
"no","no",0,191.4,124,32.54,200.7,116,17.06,230.1,76,10.35,8.2,3,2.21,1,"Correcto"
"no","no",0,115.9,87,19.7,111.3,56,9.46,170.2,77,7.66,7.1,4,1.92,1,"Correcto"
"no","no",0,124.3,68,21.13,207.1,88,17.6,157.4,93,7.08,14.8,1,4,0,"Correcto"
"no","no",0,268.7,120,45.68,301,147,25.59,167,140,7.52,5.8,1,1.57,2,"Incorrecto"
"no","no",0,260.8,87,44.34,258.1,78,21.94,131.3,123,5.91,5.8,2,1.57,1,"Correcto"
"no","no",0,179.3,147,30.48,208.9,89,17.76,248.2,98,11.17,13.5,6,3.65,1,"Incorrecto"
"no","no",0,158,110,26.86,197,103,16.75,154.9,132,6.97,10,5,2.7,1,"Correcto"
"no","no",0,202.7,105,34.46,224.9,90,19.12,253.9,108,11.43,12.1,7,3.27,0,"Correcto"
"no","yes",42,166.9,101,28.37,273.2,84,23.22,171,106,7.69,11.5,1,3.11,1,"Correcto"
"no","no",0,182.3,64,30.99,139.8,121,11.88,171.6,96,7.72,11.6,7,3.13,2,"Correcto"
"no","yes",39,91.5,125,15.56,219.9,113,18.69,229,99,10.31,12.7,8,3.43,2,"Correcto"
"no","no",0,153.6,92,26.11,205.5,88,17.47,114.5,89,5.15,12.5,10,3.38,1,"Correcto"
"no","no",0,242.5,83,41.23,245.4,97,20.86,219.6,80,9.88,10,3,2.7,3,"Incorrecto"
"no","yes",39,117.6,82,19.99,159.2,60,13.53,236.4,113,10.64,11.3,10,3.05,2,"Correcto"
"no","yes",21,192,97,32.64,239.1,81,20.32,116.1,125,5.22,15.1,3,4.08,1,"Correcto"
"no","no",0,191.6,115,32.57,205.6,108,17.48,210.2,123,9.46,9.2,3,2.48,2,"Correcto"
"no","no",0,138.9,111,23.61,211.6,102,17.99,179.5,91,8.08,10.8,3,2.92,1,"Correcto"
"no","no",0,127,102,21.59,206.9,107,17.59,231.7,99,10.43,6.1,6,1.65,0,"Correcto"
"no","no",0,286.6,73,48.72,223.2,108,18.97,203.7,107,9.17,11.5,5,3.11,1,"Incorrecto"
"no","no",0,225,110,38.25,244.2,111,20.76,221.2,93,9.95,10.7,4,2.89,0,"Correcto"
"no","no",0,174.9,105,29.73,262,75,22.27,210,93,9.45,8.5,5,2.3,1,"Correcto"
"no","no",0,196.1,103,33.34,199.7,123,16.97,135.9,71,6.12,12.9,1,3.48,3,"Correcto"
"no","no",0,231.3,100,39.32,210.4,84,17.88,217.4,106,9.78,12.4,2,3.35,3,"Correcto"
"no","yes",42,209.2,82,35.56,159.7,74,13.57,181.6,100,8.17,9.5,3,2.57,0,"Correcto"
"no","yes",23,253,78,43.01,138.9,121,11.81,277.8,104,12.5,11.8,3,3.19,2,"Correcto"
"no","yes",26,183.9,83,31.26,240.7,93,20.46,185.7,125,8.36,15,3,4.05,1,"Correcto"
"no","no",0,156.5,67,26.61,204.3,103,17.37,141.9,72,6.39,9.9,2,2.67,2,"Correcto"
"no","yes",42,152.3,90,25.89,267.5,102,22.74,266.9,130,12.01,11.3,5,3.05,7,"Correcto"
"no","yes",39,143.9,73,24.46,210.3,117,17.88,129.2,117,5.81,12.5,8,3.38,2,"Correcto"
"no","yes",25,144.1,144,24.5,167.6,105,14.25,240,107,10.8,14.5,3,3.92,1,"Correcto"
"no","no",0,109.1,134,18.55,142.3,76,12.1,91.2,86,4.1,10.9,5,2.94,2,"Correcto"
"yes","yes",25,191.1,109,32.49,149.6,120,12.72,227.8,60,10.25,9.8,3,2.65,0,"Correcto"
"no","no",0,185.3,91,31.5,219.1,88,18.62,243.6,107,10.96,5.5,5,1.49,0,"Correcto"
"no","no",0,162.3,99,27.59,149.1,78,12.67,255.5,115,11.5,14.8,1,4,4,"Incorrecto"
"no","no",0,272.7,97,46.36,236.4,95,20.09,235.5,105,10.6,7.7,2,2.08,0,"Incorrecto"
"no","no",0,191.1,93,32.49,282.8,56,24.04,84.8,118,3.82,12,4,3.24,2,"Correcto"
"no","no",0,218.8,123,37.2,242.8,64,20.64,85.8,80,3.86,10.3,3,2.78,4,"Correcto"
"no","no",0,210.3,66,35.75,195.8,76,16.64,221.6,82,9.97,11.2,7,3.02,1,"Correcto"
"no","no",0,190.2,102,32.33,197.7,141,16.8,247.5,102,11.14,9.8,6,2.65,2,"Correcto"
"no","no",0,281.3,124,47.82,301.5,96,25.63,202.8,109,9.13,8.7,3,2.35,0,"Incorrecto"
"no","yes",30,128.5,86,21.85,188.4,91,16.01,254.4,85,11.45,6.8,6,1.84,1,"Correcto"
"no","no",0,168.6,99,28.66,175.6,107,14.93,243.3,92,10.95,10.9,7,2.94,0,"Correcto"
"no","yes",30,174,118,29.58,205.3,81,17.45,218.2,90,9.82,6.7,3,1.81,1,"Correcto"
"no","no",0,198.2,73,33.69,202.8,115,17.24,146.4,73,6.59,5.1,5,1.38,1,"Correcto"
"no","no",0,208.8,120,35.5,225.3,100,19.15,221.6,130,9.97,11.1,5,3,0,"Correcto"
"no","no",0,238,82,40.46,278.5,94,23.67,193.1,134,8.69,11.8,10,3.19,0,"Incorrecto"
"no","no",0,212.8,79,36.18,204.1,91,17.35,156.2,113,7.03,10.2,2,2.75,1,"Correcto"
"no","no",0,149,92,25.33,49.2,78,4.18,163.3,93,7.35,13.9,11,3.75,0,"Correcto"
"no","no",0,117.1,118,19.91,249.6,90,21.22,162.2,84,7.3,11.1,4,3,3,"Correcto"
"no","yes",21,283.2,110,48.14,239.7,108,20.37,149.5,80,6.73,6.3,1,1.7,5,"Correcto"
"no","yes",27,230.2,106,39.13,196.1,78,16.67,215.4,108,9.69,10.4,2,2.81,1,"Correcto"
"no","no",0,221.1,106,37.59,178.6,48,15.18,202.7,90,9.12,7.4,3,2,1,"Correcto"
"no","no",0,177.2,93,30.12,142.6,60,12.12,314.1,144,14.13,12.7,2,3.43,4,"Correcto"
"no","no",0,174.3,95,29.63,186.6,128,15.86,258.2,105,11.62,12.9,5,3.48,3,"Correcto"
"no","yes",27,204.6,96,34.78,136,93,11.56,210.5,82,9.47,6.6,2,1.78,3,"Correcto"
"no","no",0,242.2,88,41.17,233.2,89,19.82,188.5,121,8.48,6.2,6,1.67,3,"Correcto"
"no","no",0,194.2,98,33.01,193.8,95,16.47,192,123,8.64,9.3,7,2.51,3,"Correcto"
"no","no",0,183.8,111,31.25,123.5,92,10.5,160.7,105,7.23,6.1,2,1.65,1,"Correcto"
"no","yes",39,167.4,113,28.46,172.7,94,14.68,192.6,113,8.67,9.5,4,2.57,3,"Correcto"
"yes","yes",36,171.2,138,29.1,185.8,102,15.79,227.6,97,10.24,10.8,3,2.92,1,"Correcto"
"no","no",0,217.6,87,36.99,279,71,23.72,250.7,65,11.28,10.4,4,2.81,2,"Incorrecto"
"no","no",0,269.8,106,45.87,228.8,101,19.45,257.5,106,11.59,10.1,8,2.73,1,"Incorrecto"
"no","yes",15,88.1,125,14.98,175.9,142,14.95,269.9,85,12.15,9.7,1,2.62,2,"Correcto"
"no","yes",34,218.5,61,37.15,196.7,74,16.72,151.1,103,6.8,9.9,4,2.67,2,"Correcto"
"no","no",0,213.2,79,36.24,120.7,116,10.26,244.4,102,11,7.5,4,2.03,1,"Correcto"
"no","no",0,263.4,101,44.78,235.5,117,20.02,102,146,4.59,13,4,3.51,0,"Correcto"
"no","no",0,138.9,65,23.61,208.9,109,17.76,232.4,82,10.46,9.2,3,2.48,2,"Correcto"
"no","no",0,168.6,121,28.66,168.6,94,14.33,95.3,59,4.29,12.3,4,3.32,1,"Correcto"
"no","no",0,131.1,108,22.29,176.2,81,14.98,89.7,81,4.04,4.3,4,1.16,1,"Correcto"
"no","no",0,109,69,18.53,265.8,98,22.59,228.3,80,10.27,12.6,2,3.4,1,"Correcto"
"no","no",0,182.5,65,31.03,232.1,96,19.73,149.2,82,6.71,7.5,2,2.03,2,"Correcto"
"no","no",0,219.6,97,37.33,141.1,144,11.99,205.7,101,9.26,10.8,4,2.92,2,"Correcto"
"no","yes",28,233.2,88,39.64,113.3,102,9.63,118,71,5.31,16.1,4,4.35,0,"Correcto"
"no","no",0,148.4,95,25.23,193.8,98,16.47,206,106,9.27,6.9,6,1.86,0,"Correcto"
"no","no",0,246.5,108,41.91,216.3,89,18.39,179.6,99,8.08,12.7,3,3.43,2,"Correcto"
"no","no",0,119.3,82,20.28,185.1,111,15.73,157,74,7.07,10.9,4,2.94,2,"Correcto"
"no","no",0,236.2,135,40.15,273.9,88,23.28,227,77,10.22,10.1,6,2.73,2,"Incorrecto"
"no","no",0,289.8,101,49.27,255.6,115,21.73,242.8,76,10.93,11.7,4,3.16,2,"Incorrecto"
"no","no",0,245,112,41.65,180.4,91,15.33,262.9,105,11.83,9.7,6,2.62,1,"Correcto"
"no","no",0,226,127,38.42,304.6,83,25.89,181.2,132,8.15,12.6,4,3.4,2,"Incorrecto"
"no","no",0,137.6,106,23.39,143.5,94,12.2,273.7,110,12.32,9.6,6,2.59,2,"Correcto"
"no","no",0,171.2,103,29.1,243.5,121,20.7,178.2,92,8.02,13,3,3.51,2,"Correcto"
"no","no",0,197.9,89,33.64,251,113,21.34,138.3,85,6.22,11.2,2,3.02,2,"Correcto"
"no","no",0,121.8,97,20.71,89.3,97,7.59,150.7,92,6.78,10.3,5,2.78,1,"Correcto"
"no","yes",31,172.3,116,29.29,266.2,91,22.63,228.2,90,10.27,11.8,5,3.19,1,"Correcto"
"no","no",0,152.9,81,25.99,256.6,82,21.81,173.6,112,7.81,5.3,6,1.43,2,"Correcto"
"no","no",0,261.7,105,44.49,181.8,107,15.45,100.9,131,4.54,3.3,5,0.89,0,"Correcto"
"no","no",0,159.5,99,27.12,119.7,149,10.17,173.9,126,7.83,6.8,3,1.84,2,"Correcto"
"no","no",0,278.9,110,47.41,190.2,67,16.17,255.2,84,11.48,11.7,7,3.16,0,"Incorrecto"
"no","no",0,133.3,94,22.66,247.8,126,21.06,219,78,9.86,11.3,5,3.05,5,"Incorrecto"
"no","no",0,184.5,103,31.37,209,86,17.77,169.7,70,7.64,10.2,6,2.75,2,"Correcto"
"yes","no",0,209.1,141,35.55,205,93,17.43,119.4,111,5.37,7.8,3,2.11,2,"Correcto"
"no","no",0,97.2,88,16.52,155.6,85,13.23,261.6,105,11.77,12.4,5,3.35,0,"Correcto"
"no","no",0,224.3,112,38.13,185.7,103,15.78,159.4,83,7.17,10,1,2.7,2,"Correcto"
"no","no",0,268.1,95,45.58,120.5,126,10.24,220.8,121,9.94,14.4,6,3.89,2,"Correcto"
"no","no",0,166.7,61,28.34,179.3,88,15.24,242.7,131,10.92,6.8,7,1.84,4,"Incorrecto"
"no","no",0,267.1,104,45.41,180.4,131,15.33,230.6,106,10.38,17.3,4,4.67,1,"Incorrecto"
"no","no",0,134.9,70,22.93,211.5,74,17.98,188.5,105,8.48,11.3,6,3.05,1,"Correcto"
"no","no",0,209.4,133,35.6,211.5,121,17.98,291.2,123,13.1,7.2,4,1.94,1,"Correcto"
"yes","no",0,62.9,112,10.69,202.9,111,17.25,259,58,11.66,8.9,8,2.4,1,"Correcto"
"no","yes",35,64.9,76,11.03,184.1,91,15.65,151.6,75,6.82,14.6,1,3.94,1,"Correcto"
"no","no",0,195.9,86,33.3,228.6,82,19.43,303.5,94,13.66,12.2,4,3.29,3,"Correcto"
"no","no",0,178.7,61,30.38,252.3,84,21.45,255.7,76,11.51,8.4,4,2.27,1,"Correcto"
"no","no",0,156.4,105,26.59,185.5,98,15.77,226.7,96,10.2,11.8,3,3.19,1,"Correcto"
"no","yes",42,148.7,105,25.28,167.3,105,14.22,270.6,105,12.18,10.4,7,2.81,0,"Correcto"
"no","no",0,196.1,87,33.34,236.8,66,20.13,182.3,75,8.2,11.9,1,3.21,0,"Correcto"
"no","no",0,189.7,100,32.25,115.9,133,9.85,220.6,115,9.93,7.4,4,2,0,"Correcto"
"no","no",0,175.6,80,29.85,238,94,20.23,198.4,103,8.93,10.2,6,2.75,1,"Correcto"
"no","no",0,146.1,57,24.84,196.2,97,16.68,310.1,110,13.95,9.2,3,2.48,0,"Correcto"
"no","yes",30,272.5,105,46.33,253,83,21.51,180.8,123,8.14,8.7,6,2.35,3,"Correcto"
"no","yes",35,230.5,116,39.19,265.8,130,22.59,269.7,69,12.14,10.6,6,2.86,5,"Correcto"
"no","no",0,143.3,120,24.36,230.7,111,19.61,214.3,91,9.64,7.8,2,2.11,4,"Incorrecto"
"no","yes",34,191.4,102,32.54,361.8,96,30.75,147.5,132,6.64,7.2,2,1.94,1,"Correcto"
"no","no",0,98.8,97,16.8,146.9,68,12.49,190.7,105,8.58,10,4,2.7,3,"Correcto"
"yes","no",0,157.8,71,26.83,203.2,114,17.27,168.7,82,7.59,10,2,2.7,3,"Incorrecto"
"no","no",0,181.6,119,30.87,335.7,118,28.53,149.8,64,6.74,8.3,6,2.24,4,"Correcto"
"no","no",0,129,78,21.93,188,116,15.98,235,102,10.58,11.2,3,3.02,2,"Correcto"
"no","no",0,86,83,14.62,260.7,86,22.16,98.6,109,4.44,8.9,4,2.4,1,"Correcto"
"no","no",0,188.9,105,32.11,153.6,116,13.06,213.3,106,9.6,10.2,2,2.75,2,"Correcto"
"yes","no",0,179.9,72,30.58,170,98,14.45,190.6,89,8.58,13.8,2,3.73,1,"Incorrecto"
"no","yes",20,264.4,102,44.95,219.6,123,18.67,200.4,89,9.02,11.3,3,3.05,2,"Correcto"
"yes","no",0,133.5,51,22.7,219.6,96,18.67,210,74,9.45,11.7,4,3.16,1,"Correcto"
"no","no",0,224.6,94,38.18,225.9,120,19.2,269,105,12.11,12.5,8,3.38,2,"Correcto"
"no","no",0,273.8,97,46.55,289.7,106,24.62,269.1,126,12.11,5.8,3,1.57,2,"Incorrecto"
"no","no",0,217.7,118,37.01,231.7,128,19.69,185.3,128,8.34,0,0,0,3,"Correcto"
"no","yes",33,161.8,73,27.51,273,58,23.21,153.9,76,6.93,13.7,4,3.7,0,"Correcto"
"no","yes",29,198.8,122,33.8,238.6,114,20.28,289.5,69,13.03,11.5,5,3.11,1,"Correcto"
"no","no",0,51.8,107,8.81,230.2,104,19.57,227.5,118,10.24,10.4,4,2.81,2,"Correcto"
"no","no",0,303.9,106,51.66,232.2,54,19.74,147.1,76,6.62,5.8,3,1.57,1,"Incorrecto"
"no","yes",36,123.7,125,21.03,172.6,106,14.67,280.5,127,12.62,8.8,4,2.38,1,"Incorrecto"
"no","no",0,212.8,102,36.18,189.8,137,16.13,170.1,105,7.65,10.6,4,2.86,0,"Incorrecto"
"no","no",0,145.6,102,24.75,284.7,111,24.2,228.2,91,10.27,12.2,5,3.29,0,"Correcto"
"no","no",0,91.9,109,15.62,198.4,111,16.86,171.7,125,7.73,13,7,3.51,2,"Correcto"
"no","no",0,109.9,102,18.68,220.8,114,18.77,104,133,4.68,10.9,6,2.94,0,"Correcto"
"no","no",0,98.2,99,16.69,186.7,85,15.87,146.7,96,6.6,9.3,4,2.51,2,"Correcto"
"no","no",0,210.6,120,35.8,153.1,84,13.01,262.2,79,11.8,11,5,2.97,0,"Correcto"
"yes","no",0,159.9,94,27.18,179.9,95,15.29,154.4,102,6.95,11.6,2,3.13,2,"Incorrecto"
"no","no",0,197.8,66,33.63,133.9,119,11.38,177.3,94,7.98,10.9,3,2.94,4,"Incorrecto"
"no","no",0,123.8,113,21.05,236.2,77,20.08,73.2,81,3.29,3.7,2,1,0,"Correcto"
"no","yes",21,238,88,40.46,209.6,84,17.82,233,95,10.49,10,5,2.7,2,"Correcto"
"no","yes",31,171.2,104,29.1,193.6,74,16.46,196.5,85,8.84,10.2,4,2.75,1,"Correcto"
"no","no",0,220,114,37.4,207.7,76,17.65,168.4,137,7.58,12.1,3,3.27,2,"Correcto"
"no","no",0,207.6,96,35.29,229,112,19.47,162.6,131,7.32,13.3,2,3.59,1,"Correcto"
"no","yes",13,193.1,104,32.83,111.6,98,9.49,227.4,94,10.23,12.1,4,3.27,1,"Correcto"
"no","yes",34,232.6,121,39.54,153.2,115,13.02,286.7,77,12.9,4.7,3,1.27,3,"Correcto"
"no","no",0,169.3,90,28.78,156,138,13.26,210.8,106,9.49,11.6,6,3.13,2,"Correcto"
"no","no",0,96.1,103,16.34,246.8,134,20.98,229.7,92,10.34,9.7,4,2.62,1,"Correcto"
"no","no",0,232.5,74,39.53,181.8,142,15.45,203.1,86,9.14,10.4,6,2.81,4,"Correcto"
"no","yes",45,174.5,120,29.67,217.5,95,18.49,220.3,67,9.91,12.2,2,3.29,1,"Correcto"
"no","no",0,109.2,96,18.56,153.1,80,13.01,240,102,10.8,9.8,5,2.65,2,"Correcto"
"no","no",0,183.5,93,31.2,170.5,80,14.49,193.8,88,8.72,8.3,5,2.24,3,"Correcto"
"yes","yes",41,146.8,128,24.96,285.6,96,24.28,213.6,80,9.61,4.3,2,1.16,1,"Incorrecto"
"no","no",0,137.8,120,23.43,225.8,110,19.19,145.2,95,6.53,10.2,6,2.75,1,"Incorrecto"
"no","no",0,173.9,111,29.56,287.4,105,24.43,204.8,91,9.22,9.1,7,2.46,1,"Correcto"
"no","yes",34,305.2,80,51.88,156.5,109,13.3,280,81,12.6,13.2,7,3.56,1,"Correcto"
"yes","no",0,150,106,25.5,293.8,123,24.97,250.7,65,11.28,10.3,7,2.78,3,"Correcto"
"no","yes",30,186.2,117,31.65,286.7,76,24.37,164.3,113,7.39,12.9,3,3.48,2,"Correcto"
"no","no",0,173.2,93,29.44,131.2,80,11.15,170.9,104,7.69,5.4,3,1.46,0,"Correcto"
"no","yes",21,262.9,135,44.69,149.5,96,12.71,140.5,109,6.32,8.1,4,2.19,1,"Correcto"
"no","yes",32,50.6,62,8.6,201.4,87,17.12,146.8,121,6.61,4.2,4,1.13,2,"Correcto"
"no","no",0,183.2,131,31.14,179.2,73,15.23,292.8,100,13.18,9.9,5,2.67,2,"Correcto"
"no","no",0,147.2,115,25.02,161.9,123,13.76,142.1,103,6.39,7.2,6,1.94,3,"Correcto"
"no","yes",42,137.3,95,23.34,184.2,94,15.66,231.4,70,10.41,10.2,3,2.75,0,"Correcto"
"no","no",0,135.2,101,22.98,152.5,79,12.96,224.8,83,10.12,8.4,5,2.27,2,"Correcto"
"no","no",0,113,108,19.21,169.2,107,14.38,156.6,61,7.05,9.2,5,2.48,2,"Incorrecto"
"no","no",0,294.2,100,50.01,232.5,53,19.76,195,64,8.78,9,1,2.43,0,"Incorrecto"
"no","no",0,259.4,116,44.1,269.7,109,22.92,175.3,130,7.89,9.5,3,2.57,1,"Incorrecto"
"no","yes",28,215.8,123,36.69,285.2,76,24.24,192.1,78,8.64,6.9,3,1.86,1,"Correcto"
"no","yes",21,153.2,112,26.04,263.3,110,22.38,135,85,6.08,11.9,7,3.21,1,"Correcto"
"no","no",0,129.5,56,22.02,354.2,118,30.11,145.5,93,6.55,10.9,3,2.94,1,"Correcto"
"no","no",0,236.6,91,40.22,220.9,146,18.78,146.8,114,6.61,8.9,2,2.4,1,"Correcto"
"no","no",0,260.4,107,44.27,208.2,104,17.7,207.9,115,9.36,10,2,2.7,6,"Correcto"
"no","no",0,113,80,19.21,150.1,87,12.76,204.3,115,9.19,10.8,4,2.92,2,"Correcto"
"no","no",0,136.2,114,23.15,165.1,118,14.03,137.9,71,6.21,9.6,5,2.59,0,"Correcto"
"no","yes",29,222.6,81,37.84,190.3,109,16.18,201.2,87,9.05,11.5,2,3.11,1,"Correcto"
"no","no",0,118.5,92,20.15,177.8,109,15.11,255.7,98,11.51,12.1,4,3.27,1,"Correcto"
"no","no",0,153.2,65,26.04,229.7,90,19.52,148.2,94,6.67,10.7,8,2.89,1,"Correcto"
"no","no",0,166.9,98,28.37,221.8,77,18.85,243.9,114,10.98,12.8,4,3.46,3,"Correcto"
"no","no",0,317.8,60,54.03,152.9,100,13,123.4,63,5.55,10.4,7,2.81,1,"Incorrecto"
"no","no",0,202.9,100,34.49,178.6,46,15.18,203.8,116,9.17,12.8,3,3.46,5,"Correcto"
"no","yes",30,173.1,107,29.43,247.2,101,21.01,158.7,104,7.14,11.5,5,3.11,1,"Correcto"
"no","no",0,224.2,89,38.11,314.9,121,26.77,182.9,121,8.23,16.1,3,4.35,1,"Incorrecto"
"no","no",0,189.3,100,32.18,239.3,107,20.34,89.7,89,4.04,9.9,3,2.67,3,"Correcto"
"no","yes",46,168.3,124,28.61,270.9,103,23.03,222.5,98,10.01,6.7,2,1.81,4,"Correcto"
"no","yes",37,155,98,26.35,142.4,105,12.1,143.7,117,6.47,5.9,4,1.59,1,"Correcto"
"no","yes",33,111.6,140,18.97,213.3,111,18.13,267.6,115,12.04,16,3,4.32,0,"Correcto"
"yes","yes",27,175.5,137,29.84,210.6,60,17.9,294.8,121,13.27,6.9,5,1.86,1,"Correcto"
"yes","yes",35,157.5,109,26.78,189.6,67,16.12,227,76,10.22,11.1,2,3,3,"Incorrecto"
"no","yes",16,144.8,105,24.62,206.2,111,17.53,255.4,117,11.49,11.6,2,3.13,4,"Correcto"
"no","no",0,258.8,85,44,129.5,114,11.01,193.6,106,8.71,10.9,7,2.94,2,"Correcto"
"no","yes",35,174.4,108,29.65,196.7,100,16.72,127.4,74,5.73,11.8,3,3.19,1,"Correcto"
"no","yes",24,274.7,99,46.7,193.5,118,16.45,299.6,109,13.48,10.8,3,2.92,3,"Correcto"
"no","no",0,210.7,112,35.82,238.7,73,20.29,253.6,90,11.41,9.2,5,2.48,3,"Correcto"
"yes","no",0,99.6,108,16.93,308.7,102,26.24,161.2,62,7.25,13.7,6,3.7,2,"Incorrecto"
"no","no",0,169.8,123,28.87,183.1,94,15.56,395,72,17.77,12.7,7,3.43,2,"Correcto"
"no","no",0,213.5,93,36.3,166.6,114,14.16,122,78,5.49,14.1,3,3.81,3,"Correcto"
"no","no",0,240.7,82,40.92,269.4,85,22.9,187.1,74,8.42,10.1,3,2.73,0,"Incorrecto"
"no","no",0,109.4,91,18.6,207.5,111,17.64,135,107,6.08,11.6,5,3.13,0,"Correcto"
"no","no",0,191.3,134,32.52,261.5,113,22.23,182.3,111,8.2,10,3,2.7,1,"Correcto"
"no","yes",24,183.6,138,31.21,203.8,90,17.32,166.9,89,7.51,6,3,1.62,2,"Correcto"
"no","no",0,169.3,111,28.78,139.5,69,11.86,197,87,8.87,12,3,3.24,0,"Correcto"
"no","no",0,214.4,94,36.45,138,149,11.73,148.7,102,6.69,9.9,1,2.67,2,"Correcto"
"yes","no",0,255.8,125,43.49,142.7,111,12.13,181.2,101,8.15,11.7,3,3.16,0,"Correcto"
"no","no",0,181.9,90,30.92,151.5,87,12.88,143,100,6.44,7.5,3,2.03,1,"Correcto"
"no","yes",9,160.1,116,27.22,210,121,17.85,139.1,65,6.26,10.8,9,2.92,0,"Correcto"
"no","no",0,198.5,124,33.75,266.6,100,22.66,243.3,80,10.95,8,7,2.16,2,"Correcto"
"no","no",0,204.5,108,34.77,162.4,110,13.8,155,102,6.98,13.4,1,3.62,3,"Correcto"
"no","no",0,274,92,46.58,231.8,82,19.7,283.6,83,12.76,6.2,1,1.67,0,"Incorrecto"
"no","no",0,137.8,97,23.43,187.7,118,15.95,146.4,85,6.59,8.7,6,2.35,1,"Correcto"
"no","no",0,179.4,94,30.5,270.4,92,22.98,191,88,8.59,7.9,4,2.13,0,"Correcto"
"no","yes",23,183.1,88,31.13,147.4,89,12.53,350.2,108,15.76,11.3,7,3.05,1,"Correcto"
"no","no",0,177.4,136,30.16,240.3,104,20.43,237.3,133,10.68,12,3,3.24,0,"Correcto"
"no","yes",34,247.2,105,42.02,225.5,133,19.17,186.3,76,8.38,6.1,5,1.65,2,"Incorrecto"
"no","no",0,186.8,89,31.76,253.4,51,21.54,273.1,105,12.29,12.3,6,3.32,2,"Correcto"
"no","no",0,222.5,74,37.83,169.7,75,14.42,264.3,94,11.89,9,3,2.43,2,"Correcto"
"no","yes",17,167.9,114,28.54,243.7,93,20.71,211.9,114,9.54,9.1,2,2.46,1,"Correcto"
"no","no",0,239.1,88,40.65,243.5,79,20.7,230.9,92,10.39,10.9,3,2.94,3,"Incorrecto"
"no","no",0,175.7,109,29.87,211.8,97,18,137.9,109,6.21,9.2,3,2.48,5,"Incorrecto"
"no","no",0,87.7,74,14.91,214.8,58,18.26,201.3,147,9.06,10.8,6,2.92,1,"Correcto"
"no","yes",27,165,89,28.05,127.3,118,10.82,284.4,95,12.8,7.7,4,2.08,2,"Correcto"
"no","no",0,194.8,106,33.12,292.7,103,24.88,224.6,82,10.11,5.5,3,1.49,0,"Correcto"
"no","no",0,90.5,142,15.39,211.7,75,17.99,194.9,76,8.77,9.3,2,2.51,1,"Correcto"
"no","no",0,235.6,132,40.05,115.9,129,9.85,185.4,136,8.34,16.2,2,4.37,0,"Correcto"
"no","no",0,142.5,82,24.23,231.4,110,19.67,131.2,67,5.9,10,4,2.7,2,"Correcto"
"yes","yes",28,175.8,126,29.89,253.6,76,21.56,128.5,72,5.78,11.4,5,3.08,1,"Correcto"
"no","no",0,189.5,122,32.22,103.8,95,8.82,180.6,106,8.13,10.8,5,2.92,2,"Correcto"
"no","no",0,61.3,91,10.42,194.4,94,16.52,143.1,80,6.44,11.4,9,3.08,1,"Correcto"
"no","yes",27,154.1,122,26.2,195.3,150,16.6,276.7,86,12.45,13.2,2,3.56,4,"Correcto"
"no","no",0,324.7,48,55.2,236.4,82,20.09,187.6,78,8.44,13.1,5,3.54,0,"Incorrecto"
"yes","no",0,125.5,106,21.34,128.9,96,10.96,251.9,129,11.34,6.3,6,1.7,4,"Incorrecto"
"no","yes",26,257.2,108,43.72,224.3,122,19.07,204,118,9.18,12.6,4,3.4,1,"Correcto"
"no","no",0,124.6,90,21.18,146.4,70,12.44,169.4,95,7.62,10.5,6,2.84,1,"Correcto"
"no","yes",20,211.9,110,36.02,215.1,120,18.28,238.5,107,10.73,9.4,2,2.54,0,"Correcto"
"yes","no",0,237.7,98,40.41,207.1,121,17.6,182.2,95,8.2,4.5,4,1.22,0,"Correcto"
"no","no",0,237.7,122,40.41,181.5,91,15.43,185.7,151,8.36,7.7,4,2.08,1,"Correcto"
"no","yes",21,147,112,24.99,197.3,43,16.77,267.4,93,12.03,8.7,3,2.35,2,"Correcto"
"no","no",0,216.8,77,36.86,207.3,117,17.62,228.6,117,10.29,5.6,2,1.51,1,"Correcto"
"no","no",0,228.9,102,38.91,160.7,136,13.66,203.1,109,9.14,12.5,2,3.38,0,"Correcto"
"no","no",0,237.3,83,40.34,154,65,13.09,237,105,10.67,11.2,6,3.02,1,"Correcto"
"no","no",0,212.3,89,36.09,215.4,127,18.31,186.8,73,8.41,11.3,2,3.05,2,"Correcto"
"no","yes",20,146.1,98,24.84,277.4,104,23.58,137.7,100,6.2,6.2,3,1.67,1,"Correcto"
"no","no",0,190.9,44,32.45,161.4,109,13.72,231.9,100,10.44,8.4,2,2.27,1,"Correcto"
"no","no",0,90.7,90,15.42,207.5,109,17.64,169.4,96,7.62,5.6,5,1.51,2,"Correcto"
"no","no",0,175.7,78,29.87,184.6,96,15.69,156.9,92,7.06,9.1,2,2.46,2,"Correcto"
"no","no",0,139.6,92,23.73,250.2,115,21.27,158.1,79,7.11,10.8,4,2.92,1,"Correcto"
"no","no",0,157.9,103,26.84,259.6,90,22.07,230,117,10.35,14,2,3.78,0,"Correcto"
"yes","no",0,250.8,146,42.64,152.5,105,12.96,148.1,104,6.66,10,5,2.7,2,"Correcto"
"no","no",0,81.6,94,13.87,268.1,112,22.79,140.8,75,6.34,8.6,18,2.32,1,"Correcto"
"no","yes",20,207.7,91,35.31,199.7,113,16.97,216.5,110,9.74,7.3,1,1.97,1,"Correcto"
"no","no",0,180.2,134,30.63,97.7,85,8.3,181.7,134,8.18,8.4,3,2.27,1,"Correcto"
"no","no",0,195.1,100,33.17,148.8,95,12.65,224.5,117,10.1,6.7,2,1.81,0,"Correcto"
"no","no",0,153.3,106,26.06,224.5,117,19.08,273.4,152,12.3,8.9,5,2.4,2,"Correcto"
"no","no",0,214,117,36.38,192.4,89,16.35,242.6,99,10.92,7.9,4,2.13,1,"Correcto"
"no","yes",24,128.1,104,21.78,143.4,127,12.19,191,98,8.59,11.6,3,3.13,1,"Correcto"
"no","yes",34,44.9,63,7.63,134.2,82,11.41,168.4,118,7.58,13.3,3,3.59,1,"Correcto"
"no","no",0,119,82,20.23,187.5,108,15.94,189.3,97,8.52,11.5,3,3.11,1,"Correcto"
"no","no",0,134.4,104,22.85,152.4,95,12.95,236.5,80,10.64,9.4,3,2.54,1,"Correcto"
"no","yes",39,239.9,107,40.78,253.8,77,21.57,128.7,85,5.79,6.7,3,1.81,5,"Correcto"
"no","no",0,196.1,89,33.34,185.5,87,15.77,250,132,11.25,5.2,6,1.4,2,"Correcto"
"no","no",0,156.5,102,26.61,140.2,134,11.92,227.4,111,10.23,12.2,2,3.29,2,"Correcto"
"no","no",0,266.7,105,45.34,158.2,88,13.45,287.7,111,12.95,13.8,3,3.73,3,"Incorrecto"
"no","yes",33,146.6,87,24.92,114.8,59,9.76,220.4,99,9.92,2.9,7,0.78,0,"Correcto"
"no","yes",28,110,94,18.7,141.5,76,12.03,237.3,87,10.68,6.4,3,1.73,2,"Correcto"
"no","no",0,152.8,145,25.98,183.6,102,15.61,151.8,75,6.83,10.5,2,2.84,1,"Correcto"
"no","no",0,93.3,83,15.86,199.6,114,16.97,206.2,104,9.28,6.5,4,1.76,0,"Correcto"
"no","no",0,172.8,81,29.38,193.4,90,16.44,89.6,107,4.03,12.8,5,3.46,2,"Correcto"
"no","no",0,130.6,83,22.2,208.1,144,17.69,204.6,72,9.21,15.6,3,4.21,3,"Correcto"
"no","no",0,158.4,92,26.93,188,117,15.98,219.7,125,9.89,13.5,4,3.65,4,"Incorrecto"
"no","no",0,166.5,111,28.31,236.2,98,20.08,205.6,92,9.25,15.6,2,4.21,1,"Correcto"
"no","no",0,175.4,80,29.82,197.4,127,16.78,188.2,102,8.47,9.7,2,2.62,2,"Correcto"
"no","yes",31,222.8,98,37.88,180.5,105,15.34,151.3,101,6.81,13,4,3.51,0,"Correcto"
"no","no",0,100,98,17,173.5,95,14.75,218,122,9.81,10.1,4,2.73,0,"Correcto"
"no","yes",38,193,106,32.81,153.6,106,13.06,260.4,87,11.72,7.4,5,2,2,"Correcto"
"no","yes",40,105.2,61,17.88,341.3,79,29.01,165.7,97,7.46,6.3,3,1.7,2,"Correcto"
"no","no",0,179.5,121,30.52,191.9,131,16.31,165.5,125,7.45,12,4,3.24,0,"Correcto"
"no","no",0,187.6,83,31.89,201.4,81,17.12,264.2,79,11.89,8.8,1,2.38,1,"Correcto"
"no","yes",21,247.6,95,42.09,256.3,150,21.79,158.6,72,7.14,10.8,6,2.92,2,"Correcto"
"no","no",0,185,120,31.45,203.7,129,17.31,170.5,89,7.67,14.1,3,3.81,3,"Correcto"
"no","no",0,169.7,115,28.85,141.4,123,12.02,253,115,11.39,10.5,3,2.84,4,"Incorrecto"
"no","no",0,161.9,100,27.52,230.1,138,19.56,148.8,78,6.7,10.2,11,2.75,3,"Correcto"
"no","yes",25,170.7,88,29.02,109.9,113,9.34,165.7,99,7.46,8.7,1,2.35,3,"Correcto"
"no","no",0,131.9,96,22.42,167.6,107,14.25,205.9,106,9.27,14.7,5,3.97,3,"Correcto"
"no","no",0,147.2,121,25.02,175.2,87,14.89,136.3,80,6.13,13.3,3,3.59,2,"Correcto"
"no","yes",31,237.2,85,40.32,213.1,100,18.11,192.7,87,8.67,10.7,4,2.89,1,"Correcto"
"no","no",0,220.8,111,37.54,156.2,67,13.28,187.9,89,8.46,10.5,4,2.84,2,"Correcto"
"no","no",0,224,99,38.08,210.7,80,17.91,231.9,75,10.44,2.1,5,0.57,0,"Correcto"
"no","no",0,218.8,125,37.2,148.3,102,12.61,277.8,97,12.5,9.7,6,2.62,1,"Correcto"
"no","no",0,215.6,74,36.65,192.9,98,16.4,144,103,6.48,10.1,4,2.73,5,"Correcto"
"no","yes",39,211.9,40,36.02,274.4,76,23.32,210.5,139,9.47,5.4,4,1.46,1,"Correcto"
"yes","no",0,246.8,110,41.96,206.3,63,17.54,208.4,123,9.38,13.2,5,3.56,0,"Incorrecto"
"no","yes",32,131.2,63,22.3,227.4,125,19.33,178.9,105,8.05,12.8,2,3.46,2,"Correcto"
"yes","no",0,107.2,98,18.22,86.8,122,7.38,156.2,117,7.03,9.7,4,2.62,1,"Correcto"
"no","yes",32,211.9,120,36.02,202.9,136,17.25,213.5,95,9.61,8.8,5,2.38,1,"Correcto"
"no","no",0,294.7,90,50.1,294.6,72,25.04,260.1,121,11.7,10.8,3,2.92,1,"Incorrecto"
"no","yes",24,180.5,85,30.69,224.1,92,19.05,205.7,103,9.26,2.4,3,0.65,0,"Correcto"
"no","yes",35,139.6,72,23.73,332.8,170,28.29,213.8,105,9.62,8.8,2,2.38,2,"Correcto"
"no","yes",12,200.3,76,34.05,253.6,105,21.56,149.3,93,6.72,10.2,5,2.75,0,"Correcto"
"yes","yes",29,128.2,119,21.79,171.7,83,14.59,250.9,114,11.29,11.7,6,3.16,3,"Correcto"
"no","no",0,226.4,101,38.49,276.8,60,23.53,213.4,82,9.6,12.3,4,3.32,3,"Incorrecto"
"no","no",0,251.9,81,42.82,194.6,96,16.54,211.2,87,9.5,8.4,3,2.27,2,"Correcto"
"no","no",0,264.5,117,44.97,194,111,16.49,262.7,111,11.82,7.5,4,2.03,2,"Incorrecto"
"no","yes",27,196.6,89,33.42,180.6,95,15.35,245,83,11.03,6.6,5,1.78,1,"Correcto"
"no","yes",34,245,95,41.65,216.9,66,18.44,112.4,125,5.06,7.5,8,2.03,0,"Correcto"
"yes","no",0,140.8,140,23.94,228.6,119,19.43,152.9,88,6.88,10.9,7,2.94,1,"Correcto"
"no","no",0,255.1,93,43.37,266.9,97,22.69,197.7,118,8.9,8.8,3,2.38,3,"Incorrecto"
"yes","no",0,248.7,118,42.28,172.3,73,14.65,191.9,87,8.64,11.3,2,3.05,1,"Incorrecto"
"no","no",0,206.3,66,35.07,241.1,109,20.49,227.8,102,10.25,11.7,6,3.16,0,"Correcto"
"yes","no",0,286.2,61,48.65,187.2,60,15.91,146.2,114,6.58,11,4,2.97,2,"Incorrecto"
"no","no",0,234.2,76,39.81,216.7,108,18.42,130.6,122,5.88,13.9,2,3.75,1,"Correcto"
"no","yes",24,97.8,98,16.63,207.2,67,17.61,214.5,126,9.65,5.9,2,1.59,0,"Correcto"
"no","yes",27,128.5,115,21.85,163.7,91,13.91,242.9,121,10.93,0,0,0,1,"Correcto"
"no","no",0,238,97,40.46,164.5,97,13.98,282.5,132,12.71,10.6,6,2.86,2,"Correcto"
"no","yes",43,231,85,39.27,222.3,82,18.9,148,105,6.66,8.3,5,2.24,2,"Correcto"
"yes","yes",22,172.1,119,29.26,223.6,133,19.01,150,94,6.75,13.9,20,3.75,1,"Incorrecto"
"no","no",0,160,133,27.2,215.3,98,18.3,188.9,87,8.5,9.1,4,2.46,0,"Correcto"
"no","no",0,203.8,77,34.65,205.1,111,17.43,154.9,109,6.97,9,2,2.43,1,"Correcto"
"no","no",0,187.8,95,31.93,149.2,143,12.68,201.4,113,9.06,11,4,2.97,2,"Correcto"
"no","yes",26,137.1,88,23.31,155.7,125,13.23,247.6,94,11.14,11.5,7,3.11,2,"Correcto"
"yes","no",0,186.1,114,31.64,198.6,140,16.88,206.5,80,9.29,13.8,5,3.73,4,"Incorrecto"
"no","no",0,102.8,128,17.48,143.7,95,12.21,191.4,97,8.61,10,5,2.7,1,"Correcto"
"yes","no",0,197.2,90,33.52,188.5,113,16.02,211.1,94,9.5,7.8,8,2.11,1,"Correcto"
